number,hash,parent_hash,nonce,sha3_uncles,logs_bloom,transactions_root,state_root,receipts_root,miner,difficulty,total_difficulty,size,extra_data,gas_limit,gas_used,timestamp,transaction_count,base_fee_per_gas,withdrawals_root,withdrawals
553081,0x5afe4f83bec60d86cd3d1acff40086046d525f79090b9d61b242cfde91704c42,0xc98a1a28ebd11a771eb4791bade0399adce599336767fda5aa0144dd1eb3614c,0x0000000000000000,0x1dcc4de8dec75d7aab85b567b6ccd41ad312451b948a7413f0a142fd40d49347,0x00000000000000000000000000000000000000000000000000000000000000000000000000000000000000000000000000000000000000000000000000000000000000000000000000000000000000000000000000000000000000000000000000000000000000000000000000000000000000000000000000000000000000000000000000000000000000000000000000000000000000000000000000000000000000000000000000000000000000000000000000000000000000000000000000000000000000000000000000000000000000000000000000000000000000000000000000000000000000000000000000000000000000000000000000000000,0x2cb95e8506b294b1c5d0d5b9f55fd6b1a90947fdf574f0e401dabc477910e19a,0x6b1bfa15d0d160a8945467cb397c2226dac8645f9804044963e661fccf5e74b9,0x1db5c2fd4df2002cc037b62ab23709e6a9270cac6b88386dff4e5a55404c9c57,0x0000000000000000000000000000000000000000,2,1106163,67211,0xd883010d05846765746888676f312e32312e30856c696e7578000000000000006b978303e6fc60bc1fd932eb76a98b0a2d5f2c47d534cff128803ad5072cad211f25510f30291638bedd3c0fcf51a31e6270a3657df18aa333f93c34743a643600,30000000,12600000,1701154083,600,7,,
553082,0xbc2a87ad886a225c98fb03fa4ced2e4b3d739f2783810e90c6e60718d1a8d421,0x5afe4f83bec60d86cd3d1acff40086046d525f79090b9d61b242cfde91704c42,0x0000000000000000,0x1dcc4de8dec75d7aab85b567b6ccd41ad312451b948a7413f0a142fd40d49347,0x00000000000000000000000000000000000000000000000000000000000000000000000000000000000000000000000000000000000000000000000000000000000000000000000000000000000000000000000000000000000000000000000000000000000000000000000000000000000000000000000000000000000000000000000000000000000000000000000000000000000000000000000000000000000000000000000000000000000000000000000000000000000000000000000000000000000000000000000000000000000000000000000000000000000000000000000000000000000000000000000000000000000000000000000000000000,0x56e81f171bcc55a6ff8345e692c0f86e5b48e01b996cadc001622fb5e363b421,0x6b1bfa15d0d160a8945467cb397c2226dac8645f9804044963e661fccf5e74b9,0x56e81f171bcc55a6ff8345e692c0f86e5b48e01b996cadc001622fb5e363b421,0x0000000000000000000000000000000000000000,2,1106165,611,0xd883010d05846765746888676f312e32312e30856c696e7578000000000000008ec69d7c0676c4fface58aab066f134a5ee14d688a12567a708ad5f03bfe88bc4d754c24dfb6faaf1d0df82d556d96ab8a1869e5af66770e6b692cdbb769814b00,30000000,0,1701154098,0,7,,
553083,0x6e71153b5e4838b5779bca3de5d2f80cd0dcaf7b19b4448d03ce4db6bcd3054c,0xbc2a87ad886a225c98fb03fa4ced2e4b3d739f2783810e90c6e60718d1a8d421,0x0000000000000000,0x1dcc4de8dec75d7aab85b567b6ccd41ad312451b948a7413f0a142fd40d49347,0x00000000000000000000000000000000000000000000000000000000000000000000000000000000000000000000000000000000000000000000000000000000000000000000000000000000000000000000000000000000000000000000000000000000000000000000000000000000000000000000000000000000000000000000000000000000000000000000000000000000000000000000000000000000000000000000000000000000000000000000000000000000000000000000000000000000000000000000000000000000000000000000000000000000000000000000000000000000000000000000000000000000000000000000000000000000,0x56e81f171bcc55a6ff8345e692c0f86e5b48e01b996cadc001622fb5e363b421,0x6b1bfa15d0d160a8945467cb397c2226dac8645f9804044963e661fccf5e74b9,0x56e81f171bcc55a6ff8345e692c0f86e5b48e01b996cadc001622fb5e363b421,0x0000000000000000000000000000000000000000,2,1106167,611,0xd883010d05846765746888676f312e32312e30856c696e75780000000000000040efdd10f64e9fa01bd900aa83ab6f52bc91f285f8bb612765dbe31ea4c1f5b34062e0eaf3b2b3b8662e892ffbe946a039ea1c0776c9de137796064e91d6a1e600,30000000,0,1701154113,0,7,,
553084,0x3e1c449027c60b0b1f57135d038bdee7d0568ae187240c6558f869764c047d2f,0x6e71153b5e4838b5779bca3de5d2f80cd0dcaf7b19b4448d03ce4db6bcd3054c,0x0000000000000000,0x1dcc4de8dec75d7aab85b567b6ccd41ad312451b948a7413f0a142fd40d49347,0x00000000000000000000000000000000000000000000000000000000000000000000000000000000000000000000000000000000000000000000000000000000000000000000000000000000000000000000000000000000000000000000000000000000000000000000000000000000000000000000000000000000000000000000000000000000000000000000000000000000000000000000000000000000000000000000000000000000000000000000000000000000000000000000000000000000000000000000000000000000000000000000000000000000000000000000000000000000000000000000000000000000000000000000000000000000,0x56e81f171bcc55a6ff8345e692c0f86e5b48e01b996cadc001622fb5e363b421,0x6b1bfa15d0d160a8945467cb397c2226dac8645f9804044963e661fccf5e74b9,0x56e81f171bcc55a6ff8345e692c0f86e5b48e01b996cadc001622fb5e363b421,0x0000000000000000000000000000000000000000,2,1106169,611,0xd883010d05846765746888676f312e32312e30856c696e7578000000000000008887acd4ee92b6fe52234a72d35b45fcb38bc27da917d8cd752c8bf2535fe2be233e6b82f63de6d8fda69b5a21c0a64443807527fd46693b43c9917838b64ccc01,30000000,0,1701154128,0,7,,
553085,0x328ebc3331504e85c4dba5e28363edc44cc5b0151d3a613bd4028ef1f66b4500,0x3e1c449027c60b0b1f57135d038bdee7d0568ae187240c6558f869764c047d2f,0x0000000000000000,0x1dcc4de8dec75d7aab85b567b6ccd41ad312451b948a7413f0a142fd40d49347,0x00000000000000000000000000000000000000000000000000000000000000000000000000000000000000000000000000000000000000000000000000000000000000000000000000000000000000000000000000000000000000000000000000000000000000000000000000000000000000000000000000000000000000000000000000000000000000000000000000000000000000000000000000000000000000000000000000000000000000000000000000000000000000000000000000000000000000000000000000000000000000000000000000000000000000000000000000000000000000000000000000000000000000000000000000000000,0x56e81f171bcc55a6ff8345e692c0f86e5b48e01b996cadc001622fb5e363b421,0x6b1bfa15d0d160a8945467cb397c2226dac8645f9804044963e661fccf5e74b9,0x56e81f171bcc55a6ff8345e692c0f86e5b48e01b996cadc001622fb5e363b421,0x0000000000000000000000000000000000000000,2,1106171,611,0xd883010d05846765746888676f312e32312e30856c696e7578000000000000002152824939b222af173355ecf550c39e14c536fce3e8708e75d6bfdd3fd3787b5ccb61f8b4be670c1f4f438ee7b1863213fe2d616ad8bfee954bb700c5c7453600,30000000,0,1701154143,0,7,,
553086,0x54485632ca1fcd5a4b3ddf0c85be237adfac122444fcdf84a2c54f03bdeff5bf,0x328ebc3331504e85c4dba5e28363edc44cc5b0151d3a613bd4028ef1f66b4500,0x0000000000000000,0x1dcc4de8dec75d7aab85b567b6ccd41ad312451b948a7413f0a142fd40d49347,0x00000000000000000000000000000000000000000000000000000000000000000000000000000000000000000000000000000000000000000000000000000000000000000000000000000000000000000000000000000000000000000000000000000000000000000000000000000000000000000000000000000000000000000000000000000000000000000000000000000000000000000000000000000000000000000000000000000000000000000000000000000000000000000000000000000000000000000000000000000000000000000000000000000000000000000000000000000000000000000000000000000000000000000000000000000000,0x56e81f171bcc55a6ff8345e692c0f86e5b48e01b996cadc001622fb5e363b421,0x6b1bfa15d0d160a8945467cb397c2226dac8645f9804044963e661fccf5e74b9,0x56e81f171bcc55a6ff8345e692c0f86e5b48e01b996cadc001622fb5e363b421,0x0000000000000000000000000000000000000000,2,1106173,611,0xd883010d05846765746888676f312e32312e30856c696e7578000000000000000007b32acd434940e3907da29d1e7eb8a850530b448c88fe172ac82a06bcc9990ec8c4e69f1bdb269b36207191cf6677646dfe059048e0de0315a678402f5d9f01,30000000,0,1701154158,0,7,,
553087,0xb6490c4a64822ef93391fc2a48b5306733c78ce6adc5519befb84e935a110ea9,0x54485632ca1fcd5a4b3ddf0c85be237adfac122444fcdf84a2c54f03bdeff5bf,0x0000000000000000,0x1dcc4de8dec75d7aab85b567b6ccd41ad312451b948a7413f0a142fd40d49347,0x00000000000000000000000000000000000000000000000000000000000000000000000000000000000000000000000000000000000000000000000000000000000000000000000000000000000000000000000000000000000000000000000000000000000000000000000000000000000000000000000000000000000000000000000000000000000000000000000000000000000000000000000000000000000000000000000000000000000000000000000000000000000000000000000000000000000000000000000000000000000000000000000000000000000000000000000000000000000000000000000000000000000000000000000000000000,0x56e81f171bcc55a6ff8345e692c0f86e5b48e01b996cadc001622fb5e363b421,0x6b1bfa15d0d160a8945467cb397c2226dac8645f9804044963e661fccf5e74b9,0x56e81f171bcc55a6ff8345e692c0f86e5b48e01b996cadc001622fb5e363b421,0x0000000000000000000000000000000000000000,2,1106175,611,0xd883010d05846765746888676f312e32312e30856c696e757800000000000000598f1a84d792a3dc02f3ae4a408f9985d99268de83aedf9490ef0e75cba48a483567c264b937c06dc34d6ec44ffcf64a81a20ceb3cf049b910c0bc9400d6ba8e00,30000000,0,1701154173,0,7,,
553088,0x9185075bc777b8bfd782d70646a6c617213fb0317377108cfa3e376f2db0bee4,0xb6490c4a64822ef93391fc2a48b5306733c78ce6adc5519befb84e935a110ea9,0x0000000000000000,0x1dcc4de8dec75d7aab85b567b6ccd41ad312451b948a7413f0a142fd40d49347,0x00000000000000000000000000000000000000000000000000000000000000000000000000000000000000000000000000000000000000000000000000000000000000000000000000000000000000000000000000000000000000000000000000000000000000000000000000000000000000000000000000000000000000000000000000000000000000000000000000000000000000000000000000000000000000000000000000000000000000000000000000000000000000000000000000000000000000000000000000000000000000000000000000000000000000000000000000000000000000000000000000000000000000000000000000000000,0x56e81f171bcc55a6ff8345e692c0f86e5b48e01b996cadc001622fb5e363b421,0x6b1bfa15d0d160a8945467cb397c2226dac8645f9804044963e661fccf5e74b9,0x56e81f171bcc55a6ff8345e692c0f86e5b48e01b996cadc001622fb5e363b421,0x0000000000000000000000000000000000000000,2,1106177,611,0xd883010d05846765746888676f312e32312e30856c696e7578000000000000008ce5b5efe908e1320fd132c9371a5264ff9675dec5b38aa3b09b4cc31bb109025cf360cc33d3efd9230cb53678f372dd774cec11b9a62f3a558b8bac0c27f09601,30000000,0,1701154188,0,7,,
553089,0x8099ef4db4ae740ad487e6d81b76ce2836ecc4c73cf3c5518ba1609f20e651b8,0x9185075bc777b8bfd782d70646a6c617213fb0317377108cfa3e376f2db0bee4,0x0000000000000000,0x1dcc4de8dec75d7aab85b567b6ccd41ad312451b948a7413f0a142fd40d49347,0x00000000000000000000000000000000000000000000000000000000000000000000000000000000000000000000000000000000000000000000000000000000000000000000000000000000000000000000000000000000000000000000000000000000000000000000000000000000000000000000000000000000000000000000000000000000000000000000000000000000000000000000000000000000000000000000000000000000000000000000000000000000000000000000000000000000000000000000000000000000000000000000000000000000000000000000000000000000000000000000000000000000000000000000000000000000,0x56e81f171bcc55a6ff8345e692c0f86e5b48e01b996cadc001622fb5e363b421,0x6b1bfa15d0d160a8945467cb397c2226dac8645f9804044963e661fccf5e74b9,0x56e81f171bcc55a6ff8345e692c0f86e5b48e01b996cadc001622fb5e363b421,0x0000000000000000000000000000000000000000,2,1106179,611,0xd883010d05846765746888676f312e32312e30856c696e757800000000000000b647d961e6a55be43c236f328dfd397cba3f8233ed1f77d3c43af090566051e03442c06809e95d73579a558f3c10f57f94f0922729ce4dabda9a1a63b78d473d01,30000000,0,1701154203,0,7,,
553090,0x22951e7e437bb5ebb9b3cbb5791e3195db95c52af71e71ac11d875381ef31190,0x8099ef4db4ae740ad487e6d81b76ce2836ecc4c73cf3c5518ba1609f20e651b8,0x0000000000000000,0x1dcc4de8dec75d7aab85b567b6ccd41ad312451b948a7413f0a142fd40d49347,0x00000000000000000000000000000000000000000000000000000000000000000000000000000000000000000000000000000000000000000000000000000000000000000000000000000000000000000000000000000000000000000000000000000000000000000000000000000000000000000000000000000000000000000000000000000000000000000000000000000000000000000000000000000000000000000000000000000000000000000000000000000000000000000000000000000000000000000000000000000000000000000000000000000000000000000000000000000000000000000000000000000000000000000000000000000000,0x56e81f171bcc55a6ff8345e692c0f86e5b48e01b996cadc001622fb5e363b421,0x6b1bfa15d0d160a8945467cb397c2226dac8645f9804044963e661fccf5e74b9,0x56e81f171bcc55a6ff8345e692c0f86e5b48e01b996cadc001622fb5e363b421,0x0000000000000000000000000000000000000000,2,1106181,611,0xd883010d05846765746888676f312e32312e30856c696e757800000000000000612b927fcebe67c16e8d696802a8ba6896e2fe99624f34a78a9c907e3f666d3934a9ceb4cffef0fd015ac33bad6809fe2d9f447383be03970d7e718d6654a17601,30000000,0,1701154218,0,7,,
553091,0xcc432badf8d2888c4e8980f3e98ff236302530ae3648b1f41639f6b64f3f5c51,0x22951e7e437bb5ebb9b3cbb5791e3195db95c52af71e71ac11d875381ef31190,0x0000000000000000,0x1dcc4de8dec75d7aab85b567b6ccd41ad312451b948a7413f0a142fd40d49347,0x00000000000000000000000000000000000000000000000000000000000000000000000000000000000000000000000000000000000000000000000000000000000000000000000000000000000000000000000000000000000000000000000000000000000000000000000000000000000000000000000000000000000000000000000000000000000000000000000000000000000000000000000000000000000000000000000000000000000000000000000000000000000000000000000000000000000000000000000000000000000000000000000000000000000000000000000000000000000000000000000000000000000000000000000000000000,0x56e81f171bcc55a6ff8345e692c0f86e5b48e01b996cadc001622fb5e363b421,0x6b1bfa15d0d160a8945467cb397c2226dac8645f9804044963e661fccf5e74b9,0x56e81f171bcc55a6ff8345e692c0f86e5b48e01b996cadc001622fb5e363b421,0x0000000000000000000000000000000000000000,2,1106183,611,0xd883010d05846765746888676f312e32312e30856c696e757800000000000000a9956193f1b92f4a660a824474dcbe4c62f80ec7d25d72b633f13b4b64a5e9191eac1c493c0aa8a6592f7cf33d80ebf641eca044599f50001c43ffca285632b301,30000000,0,1701154233,0,7,,
553092,0x572bdc7d59e5e6f9feaf8c1ef9204c08634ec3e1012c47f583ba4caf97efe432,0xcc432badf8d2888c4e8980f3e98ff236302530ae3648b1f41639f6b64f3f5c51,0x0000000000000000,0x1dcc4de8dec75d7aab85b567b6ccd41ad312451b948a7413f0a142fd40d49347,0x00000000000000000000000000000000000000000000000000000000000000000000000000000000000000000000000000000000000000000000000000000000000000000000000000000000000000000000000000000000000000000000000000000000000000000000000000000000000000000000000000000000000000000000000000000000000000000000000000000000000000000000000000000000000000000000000000000000000000000000000000000000000000000000000000000000000000000000000000000000000000000000000000000000000000000000000000000000000000000000000000000000000000000000000000000000,0xd9a1cb383e0d6c37c1134d4ed0a5239b1475225f3a675fc714616065adfa91df,0xc28875f98f9cd1d1390a40ab681b96908381287d3da3f6b597d26b092530879e,0x2e3169a6f7809c50286db2aed0aa13b40bc7e8f1ddddf4b0af11f819f66a8a72,0x0000000000000000000000000000000000000000,2,1106185,111607,0xd883010d05846765746888676f312e32312e30856c696e757800000000000000b6c8f1487307ea1077f0d6d0af99dee286ab6d6f52ae81df3b7a23de093aa87b1f8a4f023099607b498ccc4e3d02ad164397cf0c7ad436d7502ed73152a3983c00,30000000,21000000,1701154248,1000,7,,
553093,0xaaad069e6380246029080cf2db6888abfdc846dc6d19869723e3d1b4790d0953,0x572bdc7d59e5e6f9feaf8c1ef9204c08634ec3e1012c47f583ba4caf97efe432,0x0000000000000000,0x1dcc4de8dec75d7aab85b567b6ccd41ad312451b948a7413f0a142fd40d49347,0x00000000000000000000000000000000000000000000000000000000000000000000000000000000000000000000000000000000000000000000000000000000000000000000000000000000000000000000000000000000000000000000000000000000000000000000000000000000000000000000000000000000000000000000000000000000000000000000000000000000000000000000000000000000000000000000000000000000000000000000000000000000000000000000000000000000000000000000000000000000000000000000000000000000000000000000000000000000000000000000000000000000000000000000000000000000,0x56e81f171bcc55a6ff8345e692c0f86e5b48e01b996cadc001622fb5e363b421,0xc28875f98f9cd1d1390a40ab681b96908381287d3da3f6b597d26b092530879e,0x56e81f171bcc55a6ff8345e692c0f86e5b48e01b996cadc001622fb5e363b421,0x0000000000000000000000000000000000000000,2,1106187,611,0xd883010d05846765746888676f312e32312e30856c696e7578000000000000004d8b867b9203cc60e09629c540f65d0cd1d4c228267a01c48a3501a3f1d42dff42664e27201d616a1d7d5becf06957aa4ef841e15e07da590f85c015c837c7d501,30000000,0,1701154263,0,8,,
553094,0x8b08c51846d68f0249230e61cb1738ecbc2c1e24f2f6f13bfc3fbd4bf9ff26d8,0xaaad069e6380246029080cf2db6888abfdc846dc6d19869723e3d1b4790d0953,0x0000000000000000,0x1dcc4de8dec75d7aab85b567b6ccd41ad312451b948a7413f0a142fd40d49347,0x00000000000000000000000000000000000000000000000000000000000000000000000000000000000000000000000000000000000000000000000000000000000000000000000000000000000000000000000000000000000000000000000000000000000000000000000000000000000000000000000000000000000000000000000000000000000000000000000000000000000000000000000000000000000000000000000000000000000000000000000000000000000000000000000000000000000000000000000000000000000000000000000000000000000000000000000000000000000000000000000000000000000000000000000000000000,0x56e81f171bcc55a6ff8345e692c0f86e5b48e01b996cadc001622fb5e363b421,0xc28875f98f9cd1d1390a40ab681b96908381287d3da3f6b597d26b092530879e,0x56e81f171bcc55a6ff8345e692c0f86e5b48e01b996cadc001622fb5e363b421,0x0000000000000000000000000000000000000000,2,1106189,611,0xd883010d05846765746888676f312e32312e30856c696e757800000000000000105f3b7fc7e1efd63a1ad4a2f9d37fbf5c13a0486bff03db735d0827014a1fd958345b52b71fa4ddc8c89443659a7ce6fc34ec1d01e4fad4e59fdd602c2041d601,30000000,0,1701154278,0,7,,
553095,0x78d4c6aad3e2ad8a0845946db5cfd650b0648b8aa010880d945c65330a76057f,0x8b08c51846d68f0249230e61cb1738ecbc2c1e24f2f6f13bfc3fbd4bf9ff26d8,0x0000000000000000,0x1dcc4de8dec75d7aab85b567b6ccd41ad312451b948a7413f0a142fd40d49347,0x00000000000000000000000000000000000000000000000000000000000000000000000000000000000000000000000000000000000000000000000000000000000000000000000000000000000000000000000000000000000000000000000000000000000000000000000000000000000000000000000000000000000000000000000000000000000000000000000000000000000000000000000000000000000000000000000000000000000000000000000000000000000000000000000000000000000000000000000000000000000000000000000000000000000000000000000000000000000000000000000000000000000000000000000000000000,0x56e81f171bcc55a6ff8345e692c0f86e5b48e01b996cadc001622fb5e363b421,0xc28875f98f9cd1d1390a40ab681b96908381287d3da3f6b597d26b092530879e,0x56e81f171bcc55a6ff8345e692c0f86e5b48e01b996cadc001622fb5e363b421,0x0000000000000000000000000000000000000000,2,1106191,611,0xd883010d05846765746888676f312e32312e30856c696e75780000000000000034bc28a97383ca3caf74e470f3548bdf087f4296f4347f7ae1e1e0781fda7fdc6143305286781d88c1003d407b4b9140a5426830247af8476b7644dca8e1a3c300,30000000,0,1701154293,0,7,,
553096,0x2e0a73a0de97ed5e0292117bb582fbde48e87e3021f5b370714096859e6352ff,0x78d4c6aad3e2ad8a0845946db5cfd650b0648b8aa010880d945c65330a76057f,0x0000000000000000,0x1dcc4de8dec75d7aab85b567b6ccd41ad312451b948a7413f0a142fd40d49347,0x00000000000000000000000000000000000000000000000000000000000000000000000000000000000000000000000000000000000000000000000000000000000000000000000000000000000000000000000000000000000000000000000000000000000000000000000000000000000000000000000000000000000000000000000000000000000000000000000000000000000000000000000000000000000000000000000000000000000000000000000000000000000000000000000000000000000000000000000000000000000000000000000000000000000000000000000000000000000000000000000000000000000000000000000000000000,0x56e81f171bcc55a6ff8345e692c0f86e5b48e01b996cadc001622fb5e363b421,0xc28875f98f9cd1d1390a40ab681b96908381287d3da3f6b597d26b092530879e,0x56e81f171bcc55a6ff8345e692c0f86e5b48e01b996cadc001622fb5e363b421,0x0000000000000000000000000000000000000000,2,1106193,611,0xd883010d05846765746888676f312e32312e30856c696e757800000000000000fbec06f597cf0a285ed93d857ebcdae85994cfdefc3f6a9b62c40630063bce04373a3256cd0bf1fa3f188f83e6493ceaef20ae0f77c8dd2dc6b04d9d891bfd2700,30000000,0,1701154308,0,7,,
553097,0x18224843a8fc1bb8340a1943ff5e2f5dec81da34aa89b65c03e7114b452c3c03,0x2e0a73a0de97ed5e0292117bb582fbde48e87e3021f5b370714096859e6352ff,0x0000000000000000,0x1dcc4de8dec75d7aab85b567b6ccd41ad312451b948a7413f0a142fd40d49347,0x00000000000000000000000000000000000000000000000000000000000000000000000000000000000000000000000000000000000000000000000000000000000000000000000000000000000000000000000000000000000000000000000000000000000000000000000000000000000000000000000000000000000000000000000000000000000000000000000000000000000000000000000000000000000000000000000000000000000000000000000000000000000000000000000000000000000000000000000000000000000000000000000000000000000000000000000000000000000000000000000000000000000000000000000000000000,0x56e81f171bcc55a6ff8345e692c0f86e5b48e01b996cadc001622fb5e363b421,0xc28875f98f9cd1d1390a40ab681b96908381287d3da3f6b597d26b092530879e,0x56e81f171bcc55a6ff8345e692c0f86e5b48e01b996cadc001622fb5e363b421,0x0000000000000000000000000000000000000000,2,1106195,611,0xd883010d05846765746888676f312e32312e30856c696e757800000000000000a67d0cc1f9897fa71e6f81fd0c841b6499e353a88e194ccab1e0bc444afa8cc36656e674e282b0b45fc82f8e1fbf44c8123870e8266ac28090629b1f6b9d7a3800,30000000,0,1701154323,0,7,,
553098,0xe999bae1b215b78aaa3812215b08d24f402bdc6b91c4095f19154fe97599374d,0x18224843a8fc1bb8340a1943ff5e2f5dec81da34aa89b65c03e7114b452c3c03,0x0000000000000000,0x1dcc4de8dec75d7aab85b567b6ccd41ad312451b948a7413f0a142fd40d49347,0x00000000000000000000000000000000000000000000000000000000000000000000000000000000000000000000000000000000000000000000000000000000000000000000000000000000000000000000000000000000000000000000000000000000000000000000000000000000000000000000000000000000000000000000000000000000000000000000000000000000000000000000000000000000000000000000000000000000000000000000000000000000000000000000000000000000000000000000000000000000000000000000000000000000000000000000000000000000000000000000000000000000000000000000000000000000,0x4ebdf38d846b704f7dc52375623aed34d4675a63abea7af674a408ba219b704c,0x8c923b055a7aadf792a7b23cc82ee0bb62a410a39fbb6b1eb02a49ea18ead753,0x2e3169a6f7809c50286db2aed0aa13b40bc7e8f1ddddf4b0af11f819f66a8a72,0x0000000000000000000000000000000000000000,2,1106197,111610,0xd883010d05846765746888676f312e32312e30856c696e7578000000000000002364d9c7dd12e789adb8166e6f0690df53f15e10a40f7c67e8c4a3922f01e9fa57d8ac73767f3b11a73d9b82c28272481b4600a83bffbd5c2bc08d30c06071fd00,30000000,21000000,1701154338,1000,7,,
553099,0x17fbb5e673112f3f813f2e328cafae1352af915bcca081afae79c6b749c23d37,0xe999bae1b215b78aaa3812215b08d24f402bdc6b91c4095f19154fe97599374d,0x0000000000000000,0x1dcc4de8dec75d7aab85b567b6ccd41ad312451b948a7413f0a142fd40d49347,0x00000000000000000000000000000000000000000000000000000000000000000000000000000000000000000000000000000000000000000000000000000000000000000000000000000000000000000000000000000000000000000000000000000000000000000000000000000000000000000000000000000000000000000000000000000000000000000000000000000000000000000000000000000000000000000000000000000000000000000000000000000000000000000000000000000000000000000000000000000000000000000000000000000000000000000000000000000000000000000000000000000000000000000000000000000000,0x768b4f674524a4d57b85529cb174fffc3e17ead357b95794cf76dc56296de4b6,0xa5070ffb1e19586b5a39140cdcb6415fc1dc32d895f1162f7364ac0d08c173e1,0x2e3169a6f7809c50286db2aed0aa13b40bc7e8f1ddddf4b0af11f819f66a8a72,0x0000000000000000000000000000000000000000,2,1106199,111608,0xd883010d05846765746888676f312e32312e30856c696e757800000000000000feab0cbdab2c5914b8b4b66a1693eb093a6c028bb15542412b814ac79ffc81d037ba3abea54bf40d8ec2ce3b5fe18b8dd303ed5a2b037d87fcaf3e497493c5bb01,30000000,21000000,1701154353,1000,8,,
553100,0x1650f236d1dd2507323fbbbebe043554f78bafc63dce42a374ac48c294b72ab1,0x17fbb5e673112f3f813f2e328cafae1352af915bcca081afae79c6b749c23d37,0x0000000000000000,0x1dcc4de8dec75d7aab85b567b6ccd41ad312451b948a7413f0a142fd40d49347,0x00000000000000000000000000000000000000000000000000000000000000000000000000000000000000000000000000000000000000000000000000000000000000000000000000000000000000000000000000000000000000000000000000000000000000000000000000000000000000000000000000000000000000000000000000000000000000000000000000000000000000000000000000000000000000000000000000000000000000000000000000000000000000000000000000000000000000000000000000000000000000000000000000000000000000000000000000000000000000000000000000000000000000000000000000000000,0xc969bd8f5021368c48b47b4df9c22e49f5610b5e50923f51363b04f3ffc6296b,0xf52080e1d77962958f4554b41971105a4bebfde08cfe827596bb39303466a1fd,0x2e3169a6f7809c50286db2aed0aa13b40bc7e8f1ddddf4b0af11f819f66a8a72,0x0000000000000000000000000000000000000000,2,1106201,111615,0xd883010d05846765746888676f312e32312e30856c696e7578000000000000005d602472d80d897b6df74142bfecb0b84607c9b043e891a2df0ece23d9ff9b775197c8b40993e282cbe3df0e1b3d519ee38da9e0e73d7c628db499b6ba10228701,30000000,21000000,1701154368,1000,9,,
553101,0xb30cfe2c8ceefe42ad73eeb415dfa1af27954c972de02069c9df6fccb3bf5f02,0x1650f236d1dd2507323fbbbebe043554f78bafc63dce42a374ac48c294b72ab1,0x0000000000000000,0x1dcc4de8dec75d7aab85b567b6ccd41ad312451b948a7413f0a142fd40d49347,0x00000000000000000000000000000000000000000000000000000000000000000000000000000000000000000000000000000000000000000000000000000000000000000000000000000000000000000000000000000000000000000000000000000000000000000000000000000000000000000000000000000000000000000000000000000000000000000000000000000000000000000000000000000000000000000000000000000000000000000000000000000000000000000000000000000000000000000000000000000000000000000000000000000000000000000000000000000000000000000000000000000000000000000000000000000000,0x267628bd3c0dbb48ef7e42b660bbb8fd84499a225d05052350e9ecbe3f809282,0x08ad6de2eb465fa890862875f5ba763a89541e547b738502ff90f406e5ad2465,0x2e3169a6f7809c50286db2aed0aa13b40bc7e8f1ddddf4b0af11f819f66a8a72,0x0000000000000000000000000000000000000000,2,1106203,111610,0xd883010d05846765746888676f312e32312e30856c696e757800000000000000f8dab11f849f393b391fb615fd71e2ede38a6a25346f9bfcdb59f4a0c3c0675b5fc468f6404a31a9b4119882b7b92291edee0899a6be2925e07516e555d3590200,30000000,21000000,1701154383,1000,10,,
553102,0x93c697056859fe90cbe2e09020d0e35d6c8168497cacd850f84a3cf184dd44d8,0xb30cfe2c8ceefe42ad73eeb415dfa1af27954c972de02069c9df6fccb3bf5f02,0x0000000000000000,0x1dcc4de8dec75d7aab85b567b6ccd41ad312451b948a7413f0a142fd40d49347,0x00000000000000000000000000000000000000000000000000000000000000000000000000000000000000000000000000000000000000000000000000000000000000000000000000000000000000000000000000000000000000000000000000000000000000000000000000000000000000000000000000000000000000000000000000000000000000000000000000000000000000000000000000000000000000000000000000000000000000000000000000000000000000000000000000000000000000000000000000000000000000000000000000000000000000000000000000000000000000000000000000000000000000000000000000000000,0x32fe448e9d56f7acd9dd8b2a218eb4bcbc30f2c7da26a14cb9fd6db65244e886,0xcff6f6bd4f51516d9e3e5ce599a77fbee00ff60ff54b4b4fbb01430112195653,0x2e3169a6f7809c50286db2aed0aa13b40bc7e8f1ddddf4b0af11f819f66a8a72,0x0000000000000000000000000000000000000000,2,1106205,111611,0xd883010d05846765746888676f312e32312e30856c696e757800000000000000a776b90a5ed84c8930d01bedaa39099943987f807789f10a5463c21db3b6eec34c9987cf608aab7a690f5af2a692469a5755f42e2796725140ee9dd4630c0eeb00,30000000,21000000,1701154398,1000,11,,
553103,0x78230ff8767d2e5f45ea8937df8eff1bf54a650fa88ed278c47673b065588c5f,0x93c697056859fe90cbe2e09020d0e35d6c8168497cacd850f84a3cf184dd44d8,0x0000000000000000,0x1dcc4de8dec75d7aab85b567b6ccd41ad312451b948a7413f0a142fd40d49347,0x00000000000000000000000000000000000000000000000000000000000000000000000000000000000000000000000000000000000000000000000000000000000000000000000000000000000000000000000000000000000000000000000000000000000000000000000000000000000000000000000000000000000000000000000000000000000000000000000000000000000000000000000000000000000000000000000000000000000000000000000000000000000000000000000000000000000000000000000000000000000000000000000000000000000000000000000000000000000000000000000000000000000000000000000000000000,0x4d50c5f14a8001d596e5856fd17ebc0d02c2d4ef0fbb88f2ea72dae85b7777a1,0xaca6789f945337a6b8448241acfa5d7a87dfb200beb7258992ec7172d4d894b1,0x2e3169a6f7809c50286db2aed0aa13b40bc7e8f1ddddf4b0af11f819f66a8a72,0x0000000000000000000000000000000000000000,2,1106207,111606,0xd883010d05846765746888676f312e32312e30856c696e757800000000000000de29ccb6e3431a5a799d1513e105595fd22f51154d8d19aae92ec9a50ffb2e8504a60e6c9ddcb1d2b194cbe0921f8f3c8957564e533561d1bc25824d705c484b00,30000000,21000000,1701154413,1000,12,,
553104,0x815f120987a49424e5ee76908e4ad314df7a0b2f15b326d323edc56bb7e0e277,0x78230ff8767d2e5f45ea8937df8eff1bf54a650fa88ed278c47673b065588c5f,0x0000000000000000,0x1dcc4de8dec75d7aab85b567b6ccd41ad312451b948a7413f0a142fd40d49347,0x00000000000000000000000000000000000000000000000000000000000000000000000000000000000000000000000000000000000000000000000000000000000000000000000000000000000000000000000000000000000000000000000000000000000000000000000000000000000000000000000000000000000000000000000000000000000000000000000000000000000000000000000000000000000000000000000000000000000000000000000000000000000000000000000000000000000000000000000000000000000000000000000000000000000000000000000000000000000000000000000000000000000000000000000000000000,0xa2c5437cd8b3e8e7c47b05e31622d533328796a4fd35ebba13f80f5013218b42,0x06b6fcd3f9d338949abe9dbd3376a2138b9237b829966e280b68adeeba35d181,0x2e3169a6f7809c50286db2aed0aa13b40bc7e8f1ddddf4b0af11f819f66a8a72,0x0000000000000000000000000000000000000000,2,1106209,111610,0xd883010d05846765746888676f312e32312e30856c696e757800000000000000d1beb67347a741e879a0bd1589592f6fd4ec710c20292267206e38376f29ed512fa834f83fe332cbbd0c4ea43c4f9bb7b9949e6c80f7c2251335c4d360c5896000,30000000,21000000,1701154428,1000,13,,
553105,0xee26844a5131577c57430e7804b016b0f5ec4af1e3e2eca868f985e27a4edd37,0x815f120987a49424e5ee76908e4ad314df7a0b2f15b326d323edc56bb7e0e277,0x0000000000000000,0x1dcc4de8dec75d7aab85b567b6ccd41ad312451b948a7413f0a142fd40d49347,0x00000000000000000000000000000000000000000000000000000000000000000000000000000000000000000000000000000000000000000000000000000000000000000000000000000000000000000000000000000000000000000000000000000000000000000000000000000000000000000000000000000000000000000000000000000000000000000000000000000000000000000000000000000000000000000000000000000000000000000000000000000000000000000000000000000000000000000000000000000000000000000000000000000000000000000000000000000000000000000000000000000000000000000000000000000000,0x56e81f171bcc55a6ff8345e692c0f86e5b48e01b996cadc001622fb5e363b421,0x06b6fcd3f9d338949abe9dbd3376a2138b9237b829966e280b68adeeba35d181,0x56e81f171bcc55a6ff8345e692c0f86e5b48e01b996cadc001622fb5e363b421,0x0000000000000000000000000000000000000000,2,1106211,611,0xd883010d05846765746888676f312e32312e30856c696e75780000000000000096e7e5f72eea8fe707fea11580f71333adde4bf46a216b30c1055f6349e530eb139b381cafcab6bde51e419b607e6cca5bb728b599fdf171e2b3c240613fd88700,30000000,0,1701154443,0,14,,
553106,0x43c509fc9f9834f51593976a6475b5cad021c94c7bbd2efb0e0e248630243505,0xee26844a5131577c57430e7804b016b0f5ec4af1e3e2eca868f985e27a4edd37,0x0000000000000000,0x1dcc4de8dec75d7aab85b567b6ccd41ad312451b948a7413f0a142fd40d49347,0x00000000000000000000000000000000000000000000000000000000000000000000000000000000000000000000000000000000000000000000000000000000000000000000000000000000000000000000000000000000000000000000000000000000000000000000000000000000000000000000000000000000000000000000000000000000000000000000000000000000000000000000000000000000000000000000000000000000000000000000000000000000000000000000000000000000000000000000000000000000000000000000000000000000000000000000000000000000000000000000000000000000000000000000000000000000,0x3c29769dfdce5a740c04d047eabb2bedf9823f9ccb04106136c9b3924c850a70,0x0c149759480a62a5a82e614612a5ad2774f4cd27ae5a3d95a0353d600a6b0ff6,0x2e3169a6f7809c50286db2aed0aa13b40bc7e8f1ddddf4b0af11f819f66a8a72,0x0000000000000000000000000000000000000000,2,1106213,111612,0xd883010d05846765746888676f312e32312e30856c696e75780000000000000012f46cd5cb28b411454c3336f2dfa33100d970dcdb605a763da13662ebf7499a3262fb5817ef7f0860c53ec44e5e6051781260d66dfe25e3e51c841f5b8a855900,30000000,21000000,1701154458,1000,13,,
553107,0xc8551e107b3cdeb284e618152b709ffb1e88d415aff62399ea390f7dd4e5bb09,0x43c509fc9f9834f51593976a6475b5cad021c94c7bbd2efb0e0e248630243505,0x0000000000000000,0x1dcc4de8dec75d7aab85b567b6ccd41ad312451b948a7413f0a142fd40d49347,0x00000000000000000000000000000000000000000000000000000000000000000000000000000000000000000000000000000000000000000000000000000000000000000000000000000000000000000000000000000000000000000000000000000000000000000000000000000000000000000000000000000000000000000000000000000000000000000000000000000000000000000000000000000000000000000000000000000000000000000000000000000000000000000000000000000000000000000000000000000000000000000000000000000000000000000000000000000000000000000000000000000000000000000000000000000000,0x624302c7116df59274e37fd9814c915c10b01de099ba0534b9f24193e7170dbd,0x29ce6ec479e5bac06afa75f099ea8399926c05b3094956bce340ae1793aeca64,0x2e3169a6f7809c50286db2aed0aa13b40bc7e8f1ddddf4b0af11f819f66a8a72,0x0000000000000000000000000000000000000000,2,1106215,111607,0xd883010d05846765746888676f312e32312e30856c696e7578000000000000006a59307539ffd6e715ea8fc584024d05d9b9823cec975a39b17c518d2ec1bc7433208d3ec1fe01b32843f6e234086c65c2dc13d3fefada855ec144e30b9d9b1900,30000000,21000000,1701154473,1000,14,,
553108,0xa87a6d5728504fd08938f603666879c48e0c67d24f4e1b5698319ba4c49724fc,0xc8551e107b3cdeb284e618152b709ffb1e88d415aff62399ea390f7dd4e5bb09,0x0000000000000000,0x1dcc4de8dec75d7aab85b567b6ccd41ad312451b948a7413f0a142fd40d49347,0x00000000000000000000000000000000000000000000000000000000000000000000000000000000000000000000000000000000000000000000000000000000000000000000000000000000000000000000000000000000000000000000000000000000000000000000000000000000000000000000000000000000000000000000000000000000000000000000000000000000000000000000000000000000000000000000000000000000000000000000000000000000000000000000000000000000000000000000000000000000000000000000000000000000000000000000000000000000000000000000000000000000000000000000000000000000,0x1c7e9f19ec763826bfced32ff243b3e83a09bda0a9b2890344e10fce03f3c98b,0x239dfb62845e96097148c244b0f979de75945c0665ab6b0c23a9ae8942934af1,0x2e3169a6f7809c50286db2aed0aa13b40bc7e8f1ddddf4b0af11f819f66a8a72,0x0000000000000000000000000000000000000000,2,1106217,111602,0xd883010d05846765746888676f312e32312e30856c696e7578000000000000007cf21e51ca84c4a15df2a877a1723a96ef34a409ef1f592d12a1c34772e5a6b9067d18c63dc9a722a17597af0b748326a2ef0f27d0318022efc57a86949979f300,30000000,21000000,1701154488,1000,15,,
553109,0x0f3e5107b99cd062a6f6947c2bd159de4822b6f1d803c527d8b0f7f9abfe35a1,0xa87a6d5728504fd08938f603666879c48e0c67d24f4e1b5698319ba4c49724fc,0x0000000000000000,0x1dcc4de8dec75d7aab85b567b6ccd41ad312451b948a7413f0a142fd40d49347,0x00000000000000000000000000000000000000000000000000000000000000000000000000000000000000000000000000000000000000000000000000000000000000000000000000000000000000000000000000000000000000000000000000000000000000000000000000000000000000000000000000000000000000000000000000000000000000000000000000000000000000000000000000000000000000000000000000000000000000000000000000000000000000000000000000000000000000000000000000000000000000000000000000000000000000000000000000000000000000000000000000000000000000000000000000000000,0x8b8092261a50d4822f9ddf84333a62029929d888c98697e6e451634e2c609aaa,0x0b178c21c6225f0c88cda1a7bf632b7faf76244bd86a43e4e4815285820f702e,0x2e3169a6f7809c50286db2aed0aa13b40bc7e8f1ddddf4b0af11f819f66a8a72,0x0000000000000000000000000000000000000000,2,1106219,111612,0xd883010d05846765746888676f312e32312e30856c696e7578000000000000001a59cc5b3af6b4480f184da900194a311312e93eef2a0181ead7639f1d05dbd0434a6ef5997603b61c09fe1d7c0b5a90f807adb8390389fdfbb9ef64452b6abe01,30000000,21000000,1701154503,1000,16,,
553110,0x086caf29013e836b0e7d50edd0c8d8f467f302ce62123a585cf653849a44e6a2,0x0f3e5107b99cd062a6f6947c2bd159de4822b6f1d803c527d8b0f7f9abfe35a1,0x0000000000000000,0x1dcc4de8dec75d7aab85b567b6ccd41ad312451b948a7413f0a142fd40d49347,0x00000000000000000000000000000000000000000000000000000000000000000000000000000000000000000000000000000000000000000000000000000000000000000000000000000000000000000000000000000000000000000000000000000000000000000000000000000000000000000000000000000000000000000000000000000000000000000000000000000000000000000000000000000000000000000000000000000000000000000000000000000000000000000000000000000000000000000000000000000000000000000000000000000000000000000000000000000000000000000000000000000000000000000000000000000000,0x6467bd69c3014dc7862a7714d19839093a82e23193e2c9251e0c4b1705d14262,0xd08110f1d3368e6e3c266bbbd3affeb922c0d6dd2f13dcc22ee05164b6339338,0x2e3169a6f7809c50286db2aed0aa13b40bc7e8f1ddddf4b0af11f819f66a8a72,0x0000000000000000000000000000000000000000,2,1106221,111607,0xd883010d05846765746888676f312e32312e30856c696e757800000000000000d4d74b77a6d27a7b1f942b3b7db73337720b9fa575d890d83fa1529bf33087262124728b3745783fb8e95d57d235efd16c9b27c8ea6493779e1f99bffa85ce9600,30000000,21000000,1701154518,1000,17,,
553111,0x0040e2cb53afb9a6aadbdd4d3c4c8b3cf44767728f60f70408b3928b461fc92e,0x086caf29013e836b0e7d50edd0c8d8f467f302ce62123a585cf653849a44e6a2,0x0000000000000000,0x1dcc4de8dec75d7aab85b567b6ccd41ad312451b948a7413f0a142fd40d49347,0x00000000000000000000000000000000000000000000000000000000000000000000000000000000000000000000000000000000000000000000000000000000000000000000000000000000000000000000000000000000000000000000000000000000000000000000000000000000000000000000000000000000000000000000000000000000000000000000000000000000000000000000000000000000000000000000000000000000000000000000000000000000000000000000000000000000000000000000000000000000000000000000000000000000000000000000000000000000000000000000000000000000000000000000000000000000,0x1cd9a82a7b21c2a361c882ed78e3f9fe6446c4dd5e63774755f4e9196f84e3a8,0x44ba45fcdd66079f66d23dc98e3093ab287c28f8db159b16c15e7cc0db7dadff,0x2e3169a6f7809c50286db2aed0aa13b40bc7e8f1ddddf4b0af11f819f66a8a72,0x0000000000000000000000000000000000000000,2,1106223,111603,0xd883010d05846765746888676f312e32312e30856c696e7578000000000000002c0c09321d6156d762d2817857c1190a11bd53659ee8c1e6339382e84f71eef059947aaada637100998353189fd9d995d7b41d46302702f2725a59aadbd1523f01,30000000,21000000,1701154533,1000,18,,
553112,0x9d884c38f117aa0696565c0fb30c9f9295f589b1a1e8e97a5a677a447e4b059e,0x0040e2cb53afb9a6aadbdd4d3c4c8b3cf44767728f60f70408b3928b461fc92e,0x0000000000000000,0x1dcc4de8dec75d7aab85b567b6ccd41ad312451b948a7413f0a142fd40d49347,0x00000000000000000000000000000000000000000000000000000000000000000000000000000000000000000000000000000000000000000000000000000000000000000000000000000000000000000000000000000000000000000000000000000000000000000000000000000000000000000000000000000000000000000000000000000000000000000000000000000000000000000000000000000000000000000000000000000000000000000000000000000000000000000000000000000000000000000000000000000000000000000000000000000000000000000000000000000000000000000000000000000000000000000000000000000000,0x963d5633c0d38a1fd7988b6c157aa8da40127aae40d16660e9f58085052c68f0,0x4e10e2ca5c345e62a46f6ed469cfa2e7d9f22eef4cbb4677b2e1332ace39bfc1,0x2e3169a6f7809c50286db2aed0aa13b40bc7e8f1ddddf4b0af11f819f66a8a72,0x0000000000000000000000000000000000000000,2,1106225,111611,0xd883010d05846765746888676f312e32312e30856c696e7578000000000000007bbf06d2f506f3ebbc2a3bebfa7b711c4c5455eb1afcee55d2068fccce84c468534bc2b0fa8f457d85334e04fe96f32943d6a77addc1fb727d7aaa299111a71d00,30000000,21000000,1701154548,1000,19,,
553113,0xf0381bd826e10a1207fde49a7e9c332fc6c66a60ee04a1d28f21fa61202cc08e,0x9d884c38f117aa0696565c0fb30c9f9295f589b1a1e8e97a5a677a447e4b059e,0x0000000000000000,0x1dcc4de8dec75d7aab85b567b6ccd41ad312451b948a7413f0a142fd40d49347,0x00000000000000000000000000000000000000000000000000000000000000000000000000000000000000000000000000000000000000000000000000000000000000000000000000000000000000000000000000000000000000000000000000000000000000000000000000000000000000000000000000000000000000000000000000000000000000000000000000000000000000000000000000000000000000000000000000000000000000000000000000000000000000000000000000000000000000000000000000000000000000000000000000000000000000000000000000000000000000000000000000000000000000000000000000000000,0xdc31b56f2fd9b1e91ba5a55175c31d48a3d691fb4819a8d917d70717c12cd920,0x67338a46e0b38d3e35fb2fab8c0d3200a957dbc5b5e4d497eb3f2759045b8b3b,0x2e3169a6f7809c50286db2aed0aa13b40bc7e8f1ddddf4b0af11f819f66a8a72,0x0000000000000000000000000000000000000000,2,1106227,111609,0xd883010d05846765746888676f312e32312e30856c696e7578000000000000000f0d39bef4e0372cb56b9ef28b694d620a76a7a85f0d32b3283134a50d639369736b4b5a435f346a6381ddaa4287edb62583f7665baf3e4c970285bb2a3812c300,30000000,21000000,1701154563,1000,20,,
553114,0x0f4c0381b2b2a7c1f4f799de33915c40c9f5e544bece69351622f7333d0b3f36,0xf0381bd826e10a1207fde49a7e9c332fc6c66a60ee04a1d28f21fa61202cc08e,0x0000000000000000,0x1dcc4de8dec75d7aab85b567b6ccd41ad312451b948a7413f0a142fd40d49347,0x00000000000000000000000000000000000000000000000000000000000000000000000000000000000000000000000000000000000000000000000000000000000000000000000000000000000000000000000000000000000000000000000000000000000000000000000000000000000000000000000000000000000000000000000000000000000000000000000000000000000000000000000000000000000000000000000000000000000000000000000000000000000000000000000000000000000000000000000000000000000000000000000000000000000000000000000000000000000000000000000000000000000000000000000000000000,0xc42e54a7c6d2035ad352339ca110fd82f95b75372ad0777a7800bfc69e5293b2,0x7df74e0aa840585e5a9d985df59646fc8552f777a868579a7bc86a42713b0092,0x2e3169a6f7809c50286db2aed0aa13b40bc7e8f1ddddf4b0af11f819f66a8a72,0x0000000000000000000000000000000000000000,2,1106229,111614,0xd883010d05846765746888676f312e32312e30856c696e757800000000000000191de5904353d31808495be3269a97d841bf3e904487a23bff6a82013e956903174d9b3800b6d0b9b36f8a2774258be219727a903dd808be802a3a01e796fd7301,30000000,21000000,1701154578,1000,21,,
553115,0xddf3757514e35ca7f76e64c5cf589929d0a61dfde4c450e0daddaf80a15e7bd9,0x0f4c0381b2b2a7c1f4f799de33915c40c9f5e544bece69351622f7333d0b3f36,0x0000000000000000,0x1dcc4de8dec75d7aab85b567b6ccd41ad312451b948a7413f0a142fd40d49347,0x00000000000000000000000000000000000000000000000000000000000000000000000000000000000000000000000000000000000000000000000000000000000000000000000000000000000000000000000000000000000000000000000000000000000000000000000000000000000000000000000000000000000000000000000000000000000000000000000000000000000000000000000000000000000000000000000000000000000000000000000000000000000000000000000000000000000000000000000000000000000000000000000000000000000000000000000000000000000000000000000000000000000000000000000000000000,0xe3aa7458c7dead3351d53cd08b0b5b3c1c28a64aa0f99fed01d270a8ecf5860e,0x2f8ed6f1ebd1ed21b6c463313008730b437394fd409248a86d376c56d68da7d2,0x2e3169a6f7809c50286db2aed0aa13b40bc7e8f1ddddf4b0af11f819f66a8a72,0x0000000000000000000000000000000000000000,2,1106231,111607,0xd883010d05846765746888676f312e32312e30856c696e7578000000000000006705923cc33db0a4c01158b7643090872d8eb834e270c41dc0be7ee564ee0cb1607d8bcf219ab3daeb609366e8245859a10f610aedb121b957612274ee9ce29f01,30000000,21000000,1701154593,1000,22,,
553116,0x77d8e5663813cb91cb65aad1431b926509f7db3439a600e77095fffc27dbb402,0xddf3757514e35ca7f76e64c5cf589929d0a61dfde4c450e0daddaf80a15e7bd9,0x0000000000000000,0x1dcc4de8dec75d7aab85b567b6ccd41ad312451b948a7413f0a142fd40d49347,0x00000000000000000000000000000000000000000000000000000000000000000000000000000000000000000000000000000000000000000000000000000000000000000000000000000000000000000000000000000000000000000000000000000000000000000000000000000000000000000000000000000000000000000000000000000000000000000000000000000000000000000000000000000000000000000000000000000000000000000000000000000000000000000000000000000000000000000000000000000000000000000000000000000000000000000000000000000000000000000000000000000000000000000000000000000000,0xd058469d1b9e34e9fcd106ebc998627259d3c76e96e3dfaa4cb3f0628852d384,0x90fe8305f9ac7673b273b355892fc21673c017cc0ef63b58078f6bb5a5ee6e01,0x2e3169a6f7809c50286db2aed0aa13b40bc7e8f1ddddf4b0af11f819f66a8a72,0x0000000000000000000000000000000000000000,2,1106233,111793,0xd883010d05846765746888676f312e32312e30856c696e75780000000000000094bfcd28d017374572ac5e0619841b6d70b73e03a8d24b7e08d5e4cda2313aab5a2d74b4cc39df560a9f0f93ced6c8f09fc7154f0b7ba8e22c1e38e018522ffe01,30000000,21000000,1701154608,1000,23,,
553117,0xdb9680228f7665da1e500c76c624341dfc3ce3954addceade834fd570e188ac4,0x77d8e5663813cb91cb65aad1431b926509f7db3439a600e77095fffc27dbb402,0x0000000000000000,0x1dcc4de8dec75d7aab85b567b6ccd41ad312451b948a7413f0a142fd40d49347,0x00000000000000000000000000000000000000000000000000000000000000000000000000000000000000000000000000000000000000000000000000000000000000000000000000000000000000000000000000000000000000000000000000000000000000000000000000000000000000000000000000000000000000000000000000000000000000000000000000000000000000000000000000000000000000000000000000000000000000000000000000000000000000000000000000000000000000000000000000000000000000000000000000000000000000000000000000000000000000000000000000000000000000000000000000000000,0x56e81f171bcc55a6ff8345e692c0f86e5b48e01b996cadc001622fb5e363b421,0x90fe8305f9ac7673b273b355892fc21673c017cc0ef63b58078f6bb5a5ee6e01,0x56e81f171bcc55a6ff8345e692c0f86e5b48e01b996cadc001622fb5e363b421,0x0000000000000000000000000000000000000000,2,1106235,611,0xd883010d05846765746888676f312e32312e30856c696e7578000000000000007aa9951f07fd061596617963acb2a70f6fddb8d174a69f32c5c41298565fe93b124fc081d57ba83f1bfa11d374bc0fb406960c3c52bf78a06f6f37b8a35bbdd800,30000000,0,1701154623,0,24,,
553118,0x6ef517a77ce831db9294f9c9e818f78dcbfcdfd84d48f33c96ea86c7284159bf,0xdb9680228f7665da1e500c76c624341dfc3ce3954addceade834fd570e188ac4,0x0000000000000000,0x1dcc4de8dec75d7aab85b567b6ccd41ad312451b948a7413f0a142fd40d49347,0x00000000000000000000000000000000000000000000000000000000000000000000000000000000000000000000000000000000000000000000000000000000000000000000000000000000000000000000000000000000000000000000000000000000000000000000000000000000000000000000000000000000000000000000000000000000000000000000000000000000000000000000000000000000000000000000000000000000000000000000000000000000000000000000000000000000000000000000000000000000000000000000000000000000000000000000000000000000000000000000000000000000000000000000000000000000,0xecb2a55d7bb4490431cfc581bda0a3f1c1177d0d7dc4e8f122f1ab9827b030f9,0x41e842fb4ab85ff6a307049d1da10a6a634a9a73127427246fac2da085e99b8a,0x2e3169a6f7809c50286db2aed0aa13b40bc7e8f1ddddf4b0af11f819f66a8a72,0x0000000000000000000000000000000000000000,2,1106237,112606,0xd883010d05846765746888676f312e32312e30856c696e75780000000000000091990d51cd4eed5702b5c0c97443792bdd0fcd03bfad111a9cbdcce80837ee0372c234009bb3ec8c0fc3150cbd9b97f6660371eb454f2007f11f650bf6a58b3900,30000000,21000000,1701154638,1000,21,,
553119,0x5f7dfc2793a9379dacd0ef57e40153e8618f9d47397d1e1882c81faa98fcadd5,0x6ef517a77ce831db9294f9c9e818f78dcbfcdfd84d48f33c96ea86c7284159bf,0x0000000000000000,0x1dcc4de8dec75d7aab85b567b6ccd41ad312451b948a7413f0a142fd40d49347,0x00000000000000000000000000000000000000000000000000000000000000000000000000000000000000000000000000000000000000000000000000000000000000000000000000000000000000000000000000000000000000000000000000000000000000000000000000000000000000000000000000000000000000000000000000000000000000000000000000000000000000000000000000000000000000000000000000000000000000000000000000000000000000000000000000000000000000000000000000000000000000000000000000000000000000000000000000000000000000000000000000000000000000000000000000000000,0xa470f4b00007adbf507615b650139a7c0588c1e64eda48a4d198d7a64b117407,0xaa91d9e619fb785dae0e2a4c9b1ba987ba456a4e2c7048ed00b1d1b4ea0cbed2,0x2e3169a6f7809c50286db2aed0aa13b40bc7e8f1ddddf4b0af11f819f66a8a72,0x0000000000000000000000000000000000000000,2,1106239,112614,0xd883010d05846765746888676f312e32312e30856c696e7578000000000000000302e95a277b16d8965c2ba1498048459303cf5ac16967d018166a05bcb870f064272f883c853f69991e0989827a0a07db64ded9c45e1785e297523c9a0872b201,30000000,21000000,1701154653,1000,22,,
553120,0xe270a9591339a00565336b2ce44e074b8b92e28f083feb83186e072a933347e0,0x5f7dfc2793a9379dacd0ef57e40153e8618f9d47397d1e1882c81faa98fcadd5,0x0000000000000000,0x1dcc4de8dec75d7aab85b567b6ccd41ad312451b948a7413f0a142fd40d49347,0x00000000000000000000000000000000000000000000000000000000000000000000000000000000000000000000000000000000000000000000000000000000000000000000000000000000000000000000000000000000000000000000000000000000000000000000000000000000000000000000000000000000000000000000000000000000000000000000000000000000000000000000000000000000000000000000000000000000000000000000000000000000000000000000000000000000000000000000000000000000000000000000000000000000000000000000000000000000000000000000000000000000000000000000000000000000,0x56e81f171bcc55a6ff8345e692c0f86e5b48e01b996cadc001622fb5e363b421,0xaa91d9e619fb785dae0e2a4c9b1ba987ba456a4e2c7048ed00b1d1b4ea0cbed2,0x56e81f171bcc55a6ff8345e692c0f86e5b48e01b996cadc001622fb5e363b421,0x0000000000000000000000000000000000000000,2,1106241,611,0xd883010d05846765746888676f312e32312e30856c696e7578000000000000002b365193c2278182b45c81a41ea024a0e4bd7fb6dbb2e018d354f0e65b6abecf39de5cd0d7bf78bcf10d6c56f6e871b858053cb96568228ed421dc5925663f5201,30000000,0,1701154668,0,23,,
553121,0xdbf5713402476fc77522f06f30eee917a6414c1b0bba6d8cfe1864070a725f28,0xe270a9591339a00565336b2ce44e074b8b92e28f083feb83186e072a933347e0,0x0000000000000000,0x1dcc4de8dec75d7aab85b567b6ccd41ad312451b948a7413f0a142fd40d49347,0x00000000000000000000000000000000000000000000000000000000000000000000000000000000000000000000000000000000000000000000000000000000000000000000000000000000000000000000000000000000000000000000000000000000000000000000000000000000000000000000000000000000000000000000000000000000000000000000000000000000000000000000000000000000000000000000000000000000000000000000000000000000000000000000000000000000000000000000000000000000000000000000000000000000000000000000000000000000000000000000000000000000000000000000000000000000,0xf93dc999dc8b7443c0ee4b36313fab5d3a8936656226f35be6b802c204cfab56,0xf5061937c604acdfe5ca294a0ebad183db94f273efe82a1ef9d0a1a16e8a4ab1,0x2e3169a6f7809c50286db2aed0aa13b40bc7e8f1ddddf4b0af11f819f66a8a72,0x0000000000000000000000000000000000000000,2,1106243,112612,0xd883010d05846765746888676f312e32312e30856c696e7578000000000000002eced8671b75a943b53f9071aef211e81a9b0012e98e74f1102f1ef22c5d9fe910d32a3ab59689c0986de66960521e1d0b72a9914cb4713bebda01abff9476f101,30000000,21000000,1701154683,1000,21,,
553122,0x1ad1151f8fbb2ee29f1187683142e7fd06a6e0d56ecc9fe0102e899ecff704fc,0xdbf5713402476fc77522f06f30eee917a6414c1b0bba6d8cfe1864070a725f28,0x0000000000000000,0x1dcc4de8dec75d7aab85b567b6ccd41ad312451b948a7413f0a142fd40d49347,0x00000000000000000000000000000000000000000000000000000000000000000000000000000000000000000000000000000000000000000000000000000000000000000000000000000000000000000000000000000000000000000000000000000000000000000000000000000000000000000000000000000000000000000000000000000000000000000000000000000000000000000000000000000000000000000000000000000000000000000000000000000000000000000000000000000000000000000000000000000000000000000000000000000000000000000000000000000000000000000000000000000000000000000000000000000000,0xa896e58e6cbc58bf63fba141d0daa827580572b7b3ead2e141ffe382abeda19d,0x0b626065eb13d338a274e370496ac6bec3a86ce2fe97a4e91fee19575b09ca78,0x2e3169a6f7809c50286db2aed0aa13b40bc7e8f1ddddf4b0af11f819f66a8a72,0x0000000000000000000000000000000000000000,2,1106245,112605,0xd883010d05846765746888676f312e32312e30856c696e757800000000000000d929cecc558e8f9de1de1cc01ce725c8925229dd7d7bdcd7711988e155bdbe0108b4808137a65cc14076c89fcd5922b935f6c047a4d2a80f5f05ffec9a859a0700,30000000,21000000,1701154698,1000,22,,
553123,0x9a85312b7c772ded1a9ab00d38fcb89b2aa824a278d16c7b22e93175f2d44abf,0x1ad1151f8fbb2ee29f1187683142e7fd06a6e0d56ecc9fe0102e899ecff704fc,0x0000000000000000,0x1dcc4de8dec75d7aab85b567b6ccd41ad312451b948a7413f0a142fd40d49347,0x00000000000000000000000000000000000000000000000000000000000000000000000000000000000000000000000000000000000000000000000000000000000000000000000000000000000000000000000000000000000000000000000000000000000000000000000000000000000000000000000000000000000000000000000000000000000000000000000000000000000000000000000000000000000000000000000000000000000000000000000000000000000000000000000000000000000000000000000000000000000000000000000000000000000000000000000000000000000000000000000000000000000000000000000000000000,0x9d3862e8a006c3ed9678cc23b3902963b08e7515418eadddab75c8709c64227b,0xcb487cdc1081ad33f4583015f0186336413d8bdea04480b6eb5766022fa060b8,0x2e3169a6f7809c50286db2aed0aa13b40bc7e8f1ddddf4b0af11f819f66a8a72,0x0000000000000000000000000000000000000000,2,1106247,112611,0xd883010d05846765746888676f312e32312e30856c696e7578000000000000005f6d4041728b78aa028dd8ff757fb1411effc8a99a879b06d1f7bcae70d183c81245089aaa48d1b53bd3999640433fa417f2b441ae5a7851ea182de07b70b33e01,30000000,21000000,1701154713,1000,23,,
553124,0xf4e3d4d2e4e423b7e6efca8fbf231626241168f8223140539611aa557920a893,0x9a85312b7c772ded1a9ab00d38fcb89b2aa824a278d16c7b22e93175f2d44abf,0x0000000000000000,0x1dcc4de8dec75d7aab85b567b6ccd41ad312451b948a7413f0a142fd40d49347,0x00000000000000000000000000000000000000000000000000000000000000000000000000000000000000000000000000000000000000000000000000000000000000000000000000000000000000000000000000000000000000000000000000000000000000000000000000000000000000000000000000000000000000000000000000000000000000000000000000000000000000000000000000000000000000000000000000000000000000000000000000000000000000000000000000000000000000000000000000000000000000000000000000000000000000000000000000000000000000000000000000000000000000000000000000000000,0x02b43e8beef12de2d3c077fd8b378baaec45d90ed2d24101485dc3ab7735bc53,0x1702d5175471e00549b8d4b6182a2b70043eca8ff56061fce70ddd823a4df8e9,0x2e3169a6f7809c50286db2aed0aa13b40bc7e8f1ddddf4b0af11f819f66a8a72,0x0000000000000000000000000000000000000000,2,1106249,112601,0xd883010d05846765746888676f312e32312e30856c696e757800000000000000b7e8de4e38d61d919b1993ce89056f5097112032db7f13f65e5b32a82e5505a8424efc83a0d14044dd2188aebaf901124800479dfde4ad2fed18424d9181e41b00,30000000,21000000,1701154728,1000,24,,
553125,0xb08987f008c715303cb3353359bbb8a785792631248dfac0f30f7cd1405b7c98,0xf4e3d4d2e4e423b7e6efca8fbf231626241168f8223140539611aa557920a893,0x0000000000000000,0x1dcc4de8dec75d7aab85b567b6ccd41ad312451b948a7413f0a142fd40d49347,0x00000000000000000000000000000000000000000000000000000000000000000000000000000000000000000000000000000000000000000000000000000000000000000000000000000000000000000000000000000000000000000000000000000000000000000000000000000000000000000000000000000000000000000000000000000000000000000000000000000000000000000000000000000000000000000000000000000000000000000000000000000000000000000000000000000000000000000000000000000000000000000000000000000000000000000000000000000000000000000000000000000000000000000000000000000000,0xda0fa5398c5238f4cbe47d09cf666d2880f52ca4539941de0beb43f647a674f8,0x6dcdb011c83ab1fcfc6b44ff2605ba59fea851f4ebf5d9447c299fc9deb9a654,0x2e3169a6f7809c50286db2aed0aa13b40bc7e8f1ddddf4b0af11f819f66a8a72,0x0000000000000000000000000000000000000000,2,1106251,112605,0xd883010d05846765746888676f312e32312e30856c696e75780000000000000075d373792a80b45d417a00a4d09655e0296cc78704cc31a422c8b784c7f7eef85dabddbc028a92cef8f0d654c7f036798169c97f8618176bc1609e6d4cc4230801,30000000,21000000,1701154743,1000,25,,
553126,0xe4650a038a9e55cead3219bc3d8983ee50914de749e506e00a1d2823dbcbef5a,0xb08987f008c715303cb3353359bbb8a785792631248dfac0f30f7cd1405b7c98,0x0000000000000000,0x1dcc4de8dec75d7aab85b567b6ccd41ad312451b948a7413f0a142fd40d49347,0x00000000000000000000000000000000000000000000000000000000000000000000000000000000000000000000000000000000000000000000000000000000000000000000000000000000000000000000000000000000000000000000000000000000000000000000000000000000000000000000000000000000000000000000000000000000000000000000000000000000000000000000000000000000000000000000000000000000000000000000000000000000000000000000000000000000000000000000000000000000000000000000000000000000000000000000000000000000000000000000000000000000000000000000000000000000,0x7e50d705771f2bf94068c93d27cf981f46d96b91145e8a2ff76f02a04a899476,0x41a5d494ee334a5153216a4ce383bda80df0f0b77419526f42d1b49a07d1cbc2,0x2e3169a6f7809c50286db2aed0aa13b40bc7e8f1ddddf4b0af11f819f66a8a72,0x0000000000000000000000000000000000000000,2,1106253,112612,0xd883010d05846765746888676f312e32312e30856c696e757800000000000000675e772c6ec8bdd5e7f455e131919426b38e229f764f5b04d2e957cd043d57c63a3bcf19ebbfa6c30f7a39d6c525db8603a7565351e27e2d7499dad6ade81d2f01,30000000,21000000,1701154758,1000,26,,
553127,0xd4539f45a6b51ec72bda579d6fbcd6c275373ae37cd3f50824f425b23932e800,0xe4650a038a9e55cead3219bc3d8983ee50914de749e506e00a1d2823dbcbef5a,0x0000000000000000,0x1dcc4de8dec75d7aab85b567b6ccd41ad312451b948a7413f0a142fd40d49347,0x00000000000000000000000000000000000000000000000000000000000000000000000000000000000000000000000000000000000000000000000000000000000000000000000000000000000000000000000000000000000000000000000000000000000000000000000000000000000000000000000000000000000000000000000000000000000000000000000000000000000000000000000000000000000000000000000000000000000000000000000000000000000000000000000000000000000000000000000000000000000000000000000000000000000000000000000000000000000000000000000000000000000000000000000000000000,0xa73f7af1ef13c54014229e1126220685ebc294a973c4f8dd263a184a9141904e,0x6809546dff529089b3f337cf70527569966db59627ac98bca038a80d1b535ce0,0x2e3169a6f7809c50286db2aed0aa13b40bc7e8f1ddddf4b0af11f819f66a8a72,0x0000000000000000000000000000000000000000,2,1106255,112604,0xd883010d05846765746888676f312e32312e30856c696e757800000000000000f0bc852c1d45486b616ed95d086d0f1a465042efce83b1d35e990215e3d041aa719dd05f586bafecba8639fcc61376b86b999787a394303db07e6af6d71a8fa001,30000000,21000000,1701154773,1000,27,,
553128,0x8eede0c679dae16fb26ee3a3234edc2714529b90e68b244eb51cc8a456ebd8e8,0xd4539f45a6b51ec72bda579d6fbcd6c275373ae37cd3f50824f425b23932e800,0x0000000000000000,0x1dcc4de8dec75d7aab85b567b6ccd41ad312451b948a7413f0a142fd40d49347,0x00000000000000000000000000000000000000000000000000000000000000000000000000000000000000000000000000000000000000000000000000000000000000000000000000000000000000000000000000000000000000000000000000000000000000000000000000000000000000000000000000000000000000000000000000000000000000000000000000000000000000000000000000000000000000000000000000000000000000000000000000000000000000000000000000000000000000000000000000000000000000000000000000000000000000000000000000000000000000000000000000000000000000000000000000000000,0x5472c71c496608f3fe28a3770933a79b124eb48e650d311f6f958f455229b756,0xa0bc15279e53785ee8eb86805045e452f5feea101e66963a64afcf66bbc6042a,0x2e3169a6f7809c50286db2aed0aa13b40bc7e8f1ddddf4b0af11f819f66a8a72,0x0000000000000000000000000000000000000000,2,1106257,112601,0xd883010d05846765746888676f312e32312e30856c696e75780000000000000081db9b47ba2ed707791c2be33237a4caca9ad55cfdb7daa1314d98f0ce6e474b3b75443c0cf10205776666b991a150f4124e24cfc11b6157722ad9d43f48098201,30000000,21000000,1701154788,1000,28,,
553129,0x6c36d29a8e05ce632840842ba5e7aae5cb2ec4871a7ee842a7042d83fa3bec90,0x8eede0c679dae16fb26ee3a3234edc2714529b90e68b244eb51cc8a456ebd8e8,0x0000000000000000,0x1dcc4de8dec75d7aab85b567b6ccd41ad312451b948a7413f0a142fd40d49347,0x00000000000000000000000000000000000000000000000000000000000000000000000000000000000000000000000000000000000000000000000000000000000000000000000000000000000000000000000000000000000000000000000000000000000000000000000000000000000000000000000000000000000000000000000000000000000000000000000000000000000000000000000000000000000000000000000000000000000000000000000000000000000000000000000000000000000000000000000000000000000000000000000000000000000000000000000000000000000000000000000000000000000000000000000000000000,0xb225a80aefe0e2eefd474400eea45ba29d31c1d9775d843c2e5a35fe77388c10,0x2b77c357680b1c22d354dd4b3b0be39188713520c96a7d641c5e0292b8325aae,0x2e3169a6f7809c50286db2aed0aa13b40bc7e8f1ddddf4b0af11f819f66a8a72,0x0000000000000000000000000000000000000000,2,1106259,112608,0xd883010d05846765746888676f312e32312e30856c696e7578000000000000005e1d3eb88d717e7fbfe40d831b375978d75945e3618ca7b8be39b5f9b32b264629b4f06c927dc1cf6ab6b9ef895d4f5c8cf2374292522f7c13fafad1396a284800,30000000,21000000,1701154803,1000,29,,
553130,0x79611af5ae2f2647c076b14606e568d1a39dda96bea1bdc4c3ac8b139c1b15ea,0x6c36d29a8e05ce632840842ba5e7aae5cb2ec4871a7ee842a7042d83fa3bec90,0x0000000000000000,0x1dcc4de8dec75d7aab85b567b6ccd41ad312451b948a7413f0a142fd40d49347,0x00000000000000000000000000000000000000000000000000000000000000000000000000000000000000000000000000000000000000000000000000000000000000000000000000000000000000000000000000000000000000000000000000000000000000000000000000000000000000000000000000000000000000000000000000000000000000000000000000000000000000000000000000000000000000000000000000000000000000000000000000000000000000000000000000000000000000000000000000000000000000000000000000000000000000000000000000000000000000000000000000000000000000000000000000000000,0x0e9c5850630e1b0fcca3ef5759b04a65e55419090f2cdfc801e340e8a961d74b,0x908b43cc8d4429b6fbd9d3208accfa1080e6ba595684c0614cd16cdca788c81f,0x2e3169a6f7809c50286db2aed0aa13b40bc7e8f1ddddf4b0af11f819f66a8a72,0x0000000000000000000000000000000000000000,2,1106261,112609,0xd883010d05846765746888676f312e32312e30856c696e7578000000000000008dfe8548a0e4c9dc5e461148eddb1dba9d9602bf7dffc1f41aad688f98e172f313d5a73e0f955f7e4e8fd00e5b607d3bb8fa5a01614efbec8f6f8de1cbff0a2a00,30000000,21000000,1701154818,1000,30,,
553131,0x23001a2eab7fd4d743a71f129b7428af3bf9186b7241c4847d9d50eb15489b03,0x79611af5ae2f2647c076b14606e568d1a39dda96bea1bdc4c3ac8b139c1b15ea,0x0000000000000000,0x1dcc4de8dec75d7aab85b567b6ccd41ad312451b948a7413f0a142fd40d49347,0x00000000000000000000000000000000000000000000000000000000000000000000000000000000000000000000000000000000000000000000000000000000000000000000000000000000000000000000000000000000000000000000000000000000000000000000000000000000000000000000000000000000000000000000000000000000000000000000000000000000000000000000000000000000000000000000000000000000000000000000000000000000000000000000000000000000000000000000000000000000000000000000000000000000000000000000000000000000000000000000000000000000000000000000000000000000,0x178ddca0102307d9811c02ea84eeaa4b573f1062606ceab30ac3e830dd782ac5,0xeabbbdd3f92dc1dea19d68b16c4c4098023089e7d39a07ca1b5b486e126c735a,0x2e3169a6f7809c50286db2aed0aa13b40bc7e8f1ddddf4b0af11f819f66a8a72,0x0000000000000000000000000000000000000000,2,1106263,112610,0xd883010d05846765746888676f312e32312e30856c696e757800000000000000228546c1fe80df1acb7a79fa2dc9e03276e26b14366c4cb38bd8eec5bfa4e0e66ec42971c5221bd4cf3865bf8de14c6c364a9340ff6beb1b15d9804d40f5228000,30000000,21000000,1701154833,1000,31,,
553132,0xfc9f920dea3f9928ac5ff86e765e043522613f8107369a821e3078dfe491fb8c,0x23001a2eab7fd4d743a71f129b7428af3bf9186b7241c4847d9d50eb15489b03,0x0000000000000000,0x1dcc4de8dec75d7aab85b567b6ccd41ad312451b948a7413f0a142fd40d49347,0x00000000000000000000000000000000000000000000000000000000000000000000000000000000000000000000000000000000000000000000000000000000000000000000000000000000000000000000000000000000000000000000000000000000000000000000000000000000000000000000000000000000000000000000000000000000000000000000000000000000000000000000000000000000000000000000000000000000000000000000000000000000000000000000000000000000000000000000000000000000000000000000000000000000000000000000000000000000000000000000000000000000000000000000000000000000,0xb898f901b8ff0d4f37b4bb0b7987bce743f7defd754de0bc53a6e9b1544515a4,0xb35b296531cce04798059635e81a0320b666d606326075e227b1901135970c46,0x2e3169a6f7809c50286db2aed0aa13b40bc7e8f1ddddf4b0af11f819f66a8a72,0x0000000000000000000000000000000000000000,2,1106265,112608,0xd883010d05846765746888676f312e32312e30856c696e757800000000000000e006861b6d9cee61ca422dd622a96380b99050dd5b119329cd953dde1e2d4d8462205079400b8a4144c69133422972e07ad83c3a2d58f79e9e8e5ba1466edbc801,30000000,21000000,1701154848,1000,32,,
553133,0x529b284632dc996d523f898737bdba527b561f8b0e809833c9e4c1c792336f54,0xfc9f920dea3f9928ac5ff86e765e043522613f8107369a821e3078dfe491fb8c,0x0000000000000000,0x1dcc4de8dec75d7aab85b567b6ccd41ad312451b948a7413f0a142fd40d49347,0x00000000000000000000000000000000000000000000000000000000000000000000000000000000000000000000000000000000000000000000000000000000000000000000000000000000000000000000000000000000000000000000000000000000000000000000000000000000000000000000000000000000000000000000000000000000000000000000000000000000000000000000000000000000000000000000000000000000000000000000000000000000000000000000000000000000000000000000000000000000000000000000000000000000000000000000000000000000000000000000000000000000000000000000000000000000,0x5785d4e81faac93a916dad4f6489a08fe2f09a704959dbeb33f484b5e18c0ebc,0xdce826e42c0ec0fee6eb04a79545bdb35a3c3fe91ed9e7fed94004089b80fc38,0x2e3169a6f7809c50286db2aed0aa13b40bc7e8f1ddddf4b0af11f819f66a8a72,0x0000000000000000000000000000000000000000,2,1106267,112605,0xd883010d05846765746888676f312e32312e30856c696e75780000000000000041d11e6b44287c6c5dfe081a638d23ba0de9f016eaf888363b3196ccf41b69e221a122de316adb376d4a832e151316b597d41135e64a0105f9aa44caed23911e00,30000000,21000000,1701154863,1000,33,,
553134,0x13e0a99acd0fe06da3d3a6ed13fc3de28c9e9a8f77fde8cd6f9740a69a9c5dc4,0x529b284632dc996d523f898737bdba527b561f8b0e809833c9e4c1c792336f54,0x0000000000000000,0x1dcc4de8dec75d7aab85b567b6ccd41ad312451b948a7413f0a142fd40d49347,0x00000000000000000000000000000000000000000000000000000000000000000000000000000000000000000000000000000000000000000000000000000000000000000000000000000000000000000000000000000000000000000000000000000000000000000000000000000000000000000000000000000000000000000000000000000000000000000000000000000000000000000000000000000000000000000000000000000000000000000000000000000000000000000000000000000000000000000000000000000000000000000000000000000000000000000000000000000000000000000000000000000000000000000000000000000000,0x4d0fd1a39fe1bf4f02bbd46d6d040c859334d9de34291f12d48279d8c734fe41,0xba53c42d3354bbe0944eb8e916673f9df9f0e4904851e6a132f2aaa23557c1ca,0x2e3169a6f7809c50286db2aed0aa13b40bc7e8f1ddddf4b0af11f819f66a8a72,0x0000000000000000000000000000000000000000,2,1106269,112606,0xd883010d05846765746888676f312e32312e30856c696e757800000000000000ddc04c06d5dc0957b6987622b6c3b1b72247f12d4ad09c5e142c26923add8bf402c1247e5ff0e6a88850048d9153dd4387f8140b4cecb8cd129b36b7776f322101,30000000,21000000,1701154878,1000,34,,
553135,0xd69983fee16d655ad2a422b62829e0b085893ccf46dc28448e3ba2571fbb30fb,0x13e0a99acd0fe06da3d3a6ed13fc3de28c9e9a8f77fde8cd6f9740a69a9c5dc4,0x0000000000000000,0x1dcc4de8dec75d7aab85b567b6ccd41ad312451b948a7413f0a142fd40d49347,0x00000000000000000000000000000000000000000000000000000000000000000000000000000000000000000000000000000000000000000000000000000000000000000000000000000000000000000000000000000000000000000000000000000000000000000000000000000000000000000000000000000000000000000000000000000000000000000000000000000000000000000000000000000000000000000000000000000000000000000000000000000000000000000000000000000000000000000000000000000000000000000000000000000000000000000000000000000000000000000000000000000000000000000000000000000000,0x1ea42be5d455e6334c85500ef4cb1bdfb8768ce043654a6f7a71c79b3a6c98f5,0x02cd16a8650acdbb1972f4dd96f6c7f650d59ab944d1545af354010e4e523e14,0x2e3169a6f7809c50286db2aed0aa13b40bc7e8f1ddddf4b0af11f819f66a8a72,0x0000000000000000000000000000000000000000,2,1106271,112604,0xd883010d05846765746888676f312e32312e30856c696e757800000000000000b5bb030e1dfda56e11e531c4065daae1e92c44b559ab248ede9610642d24202f6163955f31d985e5255f342a277582e9054900abc300f23fdb63c61e7e74b9ed00,30000000,21000000,1701154893,1000,35,,
553136,0xfa897f3d2a67fafc4815c4be0126512b1de9c394e617b76fa8069bff6a17bf32,0xd69983fee16d655ad2a422b62829e0b085893ccf46dc28448e3ba2571fbb30fb,0x0000000000000000,0x1dcc4de8dec75d7aab85b567b6ccd41ad312451b948a7413f0a142fd40d49347,0x00000000000000000000000000000000000000000000000000000000000000000000000000000000000000000000000000000000000000000000000000000000000000000000000000000000000000000000000000000000000000000000000000000000000000000000000000000000000000000000000000000000000000000000000000000000000000000000000000000000000000000000000000000000000000000000000000000000000000000000000000000000000000000000000000000000000000000000000000000000000000000000000000000000000000000000000000000000000000000000000000000000000000000000000000000000,0x7aad18347803693190be93d00477efc9d5bddda560cde714437f83fa096f6477,0x0e0f4c7e016c862f9a9df808289bbac6082c459f4071716031958785b18795d2,0x2e3169a6f7809c50286db2aed0aa13b40bc7e8f1ddddf4b0af11f819f66a8a72,0x0000000000000000000000000000000000000000,2,1106273,112602,0xd883010d05846765746888676f312e32312e30856c696e757800000000000000ffcbae5b0f197260ce356545d3581693c8f02dbd024f46eb3413a01fbd5a56f352d5adce6b1dd58bfe34b24427320d03c595d0753233b29ba2a4974902f702a801,30000000,21000000,1701154908,1000,36,,
553137,0x0053974da385523b63a77365f7eabd4beb77a064210b64a86310bb9f56d8c795,0xfa897f3d2a67fafc4815c4be0126512b1de9c394e617b76fa8069bff6a17bf32,0x0000000000000000,0x1dcc4de8dec75d7aab85b567b6ccd41ad312451b948a7413f0a142fd40d49347,0x00000000000000000000000000000000000000000000000000000000000000000000000000000000000000000000000000000000000000000000000000000000000000000000000000000000000000000000000000000000000000000000000000000000000000000000000000000000000000000000000000000000000000000000000000000000000000000000000000000000000000000000000000000000000000000000000000000000000000000000000000000000000000000000000000000000000000000000000000000000000000000000000000000000000000000000000000000000000000000000000000000000000000000000000000000000,0x82ed923bdefcfd074499dd0b7a6cac9f4d4fa3a1d3ee76a0b8bfa68520dd275b,0xbec84100abae5442dc832a2fc9a1acb9203393469ffd4f523fef1dc9e0d87747,0x2e3169a6f7809c50286db2aed0aa13b40bc7e8f1ddddf4b0af11f819f66a8a72,0x0000000000000000000000000000000000000000,2,1106275,112609,0xd883010d05846765746888676f312e32312e30856c696e75780000000000000080ef7c1a599a291dc90509e10ff676d534dfe1c1e3be80a9f1198e6c06502db115f996a928be06ab181d9ff03273a95fc72cb425821a087223b1220b77c4d0b201,30000000,21000000,1701154923,1000,37,,
553138,0xdf0a249f6232f043c98da528714bcf45d9540458188196ae346a9dd80e4b8ced,0x0053974da385523b63a77365f7eabd4beb77a064210b64a86310bb9f56d8c795,0x0000000000000000,0x1dcc4de8dec75d7aab85b567b6ccd41ad312451b948a7413f0a142fd40d49347,0x00000000000000000000000000000000000000000000000000000000000000000000000000000000000000000000000000000000000000000000000000000000000000000000000000000000000000000000000000000000000000000000000000000000000000000000000000000000000000000000000000000000000000000000000000000000000000000000000000000000000000000000000000000000000000000000000000000000000000000000000000000000000000000000000000000000000000000000000000000000000000000000000000000000000000000000000000000000000000000000000000000000000000000000000000000000,0xb09d736f41aaed32b79d96afc75b9d316839e7fdf51decf3ecd6786b734b0592,0xbde887b49da374f2cc38acea3ee0e3993aa86313f2e4c52325857ab45f850dcf,0x2e3169a6f7809c50286db2aed0aa13b40bc7e8f1ddddf4b0af11f819f66a8a72,0x0000000000000000000000000000000000000000,2,1106277,112610,0xd883010d05846765746888676f312e32312e30856c696e75780000000000000051fd6a20637108c05da207c795efb052e729024c197cd51ffc7fbffc66dc9a53646c7565ace928446b417ea0445313bb021113bcd756b884cc38546fa317f1f800,30000000,21000000,1701154938,1000,38,,
553139,0xa49e6c83f055166a0db811b944253e231ec94f03a29c371eef3caa11209a8f42,0xdf0a249f6232f043c98da528714bcf45d9540458188196ae346a9dd80e4b8ced,0x0000000000000000,0x1dcc4de8dec75d7aab85b567b6ccd41ad312451b948a7413f0a142fd40d49347,0x00000000000000000000000000000000000000000000000000000000000000000000000000000000000000000000000000000000000000000000000000000000000000000000000000000000000000000000000000000000000000000000000000000000000000000000000000000000000000000000000000000000000000000000000000000000000000000000000000000000000000000000000000000000000000000000000000000000000000000000000000000000000000000000000000000000000000000000000000000000000000000000000000000000000000000000000000000000000000000000000000000000000000000000000000000000,0x87d89dda740e865fb897b8d693a0d9fce39d69a3ac6e44a932a81326b978bf35,0x0d7cf5580b2791fbf30a01e5efbe8004a007c95155425ace846de404003c0648,0x2e3169a6f7809c50286db2aed0aa13b40bc7e8f1ddddf4b0af11f819f66a8a72,0x0000000000000000000000000000000000000000,2,1106279,112608,0xd883010d05846765746888676f312e32312e30856c696e757800000000000000e3278af33614fce84478aabe4baf0b562eeed4ee404dd5ec80db5b99c26892c3126052df1e9374241e104ff769b2ec5532398511ec56002d530a484ae58fde7200,30000000,21000000,1701154953,1000,39,,
553140,0xece2ebfcfaab18037b74e11e53f6888702ef77ef36f1f6d0c99a5de210d60842,0xa49e6c83f055166a0db811b944253e231ec94f03a29c371eef3caa11209a8f42,0x0000000000000000,0x1dcc4de8dec75d7aab85b567b6ccd41ad312451b948a7413f0a142fd40d49347,0x00000000000000000000000000000000000000000000000000000000000000000000000000000000000000000000000000000000000000000000000000000000000000000000000000000000000000000000000000000000000000000000000000000000000000000000000000000000000000000000000000000000000000000000000000000000000000000000000000000000000000000000000000000000000000000000000000000000000000000000000000000000000000000000000000000000000000000000000000000000000000000000000000000000000000000000000000000000000000000000000000000000000000000000000000000000,0x683ef647ab5123c3cfcf477d8981317ded2bbfbc35c680c438b10cde3da271c4,0x45af3f62ca8bab0ffece1e0e17078c605e4b3ab08c87a896baa1b9c24e96a1b9,0x2e3169a6f7809c50286db2aed0aa13b40bc7e8f1ddddf4b0af11f819f66a8a72,0x0000000000000000000000000000000000000000,2,1106281,112610,0xd883010d05846765746888676f312e32312e30856c696e757800000000000000c0397e2f6a0aac05da9bc3b57fa8b7926cf523e8c6ffc48016d7a9d8951ba0732e7db771c96fea6f1d28e68c0d8cee3d87c5dac0eb68abdf7173f5c2497033e100,30000000,21000000,1701154968,1000,40,,
553141,0x6ae156863408505483e7f3d93e4450acadacb993f7fed966cca8a92c91b2f9e1,0xece2ebfcfaab18037b74e11e53f6888702ef77ef36f1f6d0c99a5de210d60842,0x0000000000000000,0x1dcc4de8dec75d7aab85b567b6ccd41ad312451b948a7413f0a142fd40d49347,0x00000000000000000000000000000000000000000000000000000000000000000000000000000000000000000000000000000000000000000000000000000000000000000000000000000000000000000000000000000000000000000000000000000000000000000000000000000000000000000000000000000000000000000000000000000000000000000000000000000000000000000000000000000000000000000000000000000000000000000000000000000000000000000000000000000000000000000000000000000000000000000000000000000000000000000000000000000000000000000000000000000000000000000000000000000000,0xaf15f286a84112af6e9a76048a14f4e3b37881b7c8d8cf13fdae37dda3a18322,0x9c8b696441d7a4cbe42aae194f0e6efe444b6ce44d016b8f7433219577798727,0x2e3169a6f7809c50286db2aed0aa13b40bc7e8f1ddddf4b0af11f819f66a8a72,0x0000000000000000000000000000000000000000,2,1106283,112607,0xd883010d05846765746888676f312e32312e30856c696e757800000000000000d141187175bd2a57db9e45616e0cbb5b17d2caa7141af6530f748c9cd74077511d3da04e5041fbe0ba1574a155021193bbf5da0be00e84c65144a9848477530101,30000000,21000000,1701154983,1000,42,,
553142,0xdf966db5bd5b59275063d30c42614880c0e1e3323620cdf69110f6a8ae9324ba,0x6ae156863408505483e7f3d93e4450acadacb993f7fed966cca8a92c91b2f9e1,0x0000000000000000,0x1dcc4de8dec75d7aab85b567b6ccd41ad312451b948a7413f0a142fd40d49347,0x00000000000000000000000000000000000000000000000000000000000000000000000000000000000000000000000000000000000000000000000000000000000000000000000000000000000000000000000000000000000000000000000000000000000000000000000000000000000000000000000000000000000000000000000000000000000000000000000000000000000000000000000000000000000000000000000000000000000000000000000000000000000000000000000000000000000000000000000000000000000000000000000000000000000000000000000000000000000000000000000000000000000000000000000000000000,0x16d05d6df7cc7f2980c1dce45546b9645cbb1ece5bf845a403e6aa4a07aaabe6,0x0bce772d54c8c5bb4b47b1ff231c5e0a86ca56526b1736a10067d26db1be16f6,0x2e3169a6f7809c50286db2aed0aa13b40bc7e8f1ddddf4b0af11f819f66a8a72,0x0000000000000000000000000000000000000000,2,1106285,112611,0xd883010d05846765746888676f312e32312e30856c696e757800000000000000acde7eca16d2f48b1c05f13bf9c3ab02aea051a4c64e61e01c66716b0cf5718e08a7cb726394df1ee57bb16cd9849fa06a9e7042476b5faddd44032974d93d8800,30000000,21000000,1701154998,1000,44,,
553143,0x446b2c601723d991fc47b15e1df1dc2d742e9849230e4dd2bab558a83ae475f2,0xdf966db5bd5b59275063d30c42614880c0e1e3323620cdf69110f6a8ae9324ba,0x0000000000000000,0x1dcc4de8dec75d7aab85b567b6ccd41ad312451b948a7413f0a142fd40d49347,0x00000000000000000000000000000000000000000000000000000000000000000000000000000000000000000000000000000000000000000000000000000000000000000000000000000000000000000000000000000000000000000000000000000000000000000000000000000000000000000000000000000000000000000000000000000000000000000000000000000000000000000000000000000000000000000000000000000000000000000000000000000000000000000000000000000000000000000000000000000000000000000000000000000000000000000000000000000000000000000000000000000000000000000000000000000000,0x115c715c129df4ddf2272c17185c40eb21dd212767f546c8d917a739445979c7,0xaf3d57550d7c7b21f15b05a79c3253e11fe7935f51e3d3fbdd902153967cdde7,0x2e3169a6f7809c50286db2aed0aa13b40bc7e8f1ddddf4b0af11f819f66a8a72,0x0000000000000000000000000000000000000000,2,1106287,112603,0xd883010d05846765746888676f312e32312e30856c696e757800000000000000e36aa2cf3aaa0f6d30ffe42930b8bed8e98b48c03d44ceef3dc1f64c666c1aca3daaf26378c79d59f59bc232612afa4fc775b15de5d5dd385a9598b66d09522c01,30000000,21000000,1701155013,1000,46,,
553144,0x7882b8414a273f89bcb14898e6ee52a43297cf0c21a17007ab57b9c4bcc89f2b,0x446b2c601723d991fc47b15e1df1dc2d742e9849230e4dd2bab558a83ae475f2,0x0000000000000000,0x1dcc4de8dec75d7aab85b567b6ccd41ad312451b948a7413f0a142fd40d49347,0x00000000000000000000000000000000000000000000000000000000000000000000000000000000000000000000000000000000000000000000000000000000000000000000000000000000000000000000000000000000000000000000000000000000000000000000000000000000000000000000000000000000000000000000000000000000000000000000000000000000000000000000000000000000000000000000000000000000000000000000000000000000000000000000000000000000000000000000000000000000000000000000000000000000000000000000000000000000000000000000000000000000000000000000000000000000,0xa82a61b29a792208e1fd939e9ffa2251bc639bb66baf4504b893325aa3de2536,0x9f06bd62c549d7809c6a3fee08c97149d2982019dbd5cdaa7cd6e60aecd89a75,0x2e3169a6f7809c50286db2aed0aa13b40bc7e8f1ddddf4b0af11f819f66a8a72,0x0000000000000000000000000000000000000000,2,1106289,112607,0xd883010d05846765746888676f312e32312e30856c696e757800000000000000be846f81d7b7757849077c9722603313345b356732efe4a5035b404290dc256f394bc9409c4554d8de9ba7c210c200bcd36e66bc3a15f9ab2c4381b59784ed1601,30000000,21000000,1701155028,1000,48,,
553145,0x38559016672443e99c8bdddf2245514c38fbe408f57e7966d879c2e769b099e3,0x7882b8414a273f89bcb14898e6ee52a43297cf0c21a17007ab57b9c4bcc89f2b,0x0000000000000000,0x1dcc4de8dec75d7aab85b567b6ccd41ad312451b948a7413f0a142fd40d49347,0x00000000000000000000000000000000000000000000000000000000000000000000000000000000000000000000000000000000000000000000000000000000000000000000000000000000000000000000000000000000000000000000000000000000000000000000000000000000000000000000000000000000000000000000000000000000000000000000000000000000000000000000000000000000000000000000000000000000000000000000000000000000000000000000000000000000000000000000000000000000000000000000000000000000000000000000000000000000000000000000000000000000000000000000000000000000,0xb989af3219610ec32d6983f917c68a8af65d397997f0c285164b3f6eead725a0,0xde3ceb0c515bf6e8a8f3a9696d127cf8ba973c37dbf2c996de839c11265046f7,0x2e3169a6f7809c50286db2aed0aa13b40bc7e8f1ddddf4b0af11f819f66a8a72,0x0000000000000000000000000000000000000000,2,1106291,112602,0xd883010d05846765746888676f312e32312e30856c696e7578000000000000005c337b65940b0ec89b5d40a943a9e6b6f41edae9538212b8711cd6ea6fce1a0e26ed20a6f6570af7c4e7fd32070ca9824a63ecc93c9899dbdf5f40ec1325cd0701,30000000,21000000,1701155043,1000,50,,
553146,0xc3787843da5cc774ba3573277ba34d9993af447c87647527501c3787fda45fdc,0x38559016672443e99c8bdddf2245514c38fbe408f57e7966d879c2e769b099e3,0x0000000000000000,0x1dcc4de8dec75d7aab85b567b6ccd41ad312451b948a7413f0a142fd40d49347,0x00000000000000000000000000000000000000000000000000000000000000000000000000000000000000000000000000000000000000000000000000000000000000000000000000000000000000000000000000000000000000000000000000000000000000000000000000000000000000000000000000000000000000000000000000000000000000000000000000000000000000000000000000000000000000000000000000000000000000000000000000000000000000000000000000000000000000000000000000000000000000000000000000000000000000000000000000000000000000000000000000000000000000000000000000000000,0xa2e5d7af48668003b9e7370df83fd29ed2c94cb441e1bbc68f31dae6806e18af,0xd4c05146f86d5d49acbdfab2cb35b4ec4bf1099ea2767de4dd92cc12a9c950fa,0x2e3169a6f7809c50286db2aed0aa13b40bc7e8f1ddddf4b0af11f819f66a8a72,0x0000000000000000000000000000000000000000,2,1106293,112607,0xd883010d05846765746888676f312e32312e30856c696e757800000000000000056569ba29ab0635aa5503c7fb2a9d2169c430a9ce653d5ba6e3a3f926390f714ab5277b6076c998010254b4322c708056b1cd100ba668031f89dc89b59692fa00,30000000,21000000,1701155058,1000,52,,
553147,0xd42861c1d858e3a8c7ee38a4cbfe2037cd90fd19d7d6a3b7fd10bbf24a5a1fda,0xc3787843da5cc774ba3573277ba34d9993af447c87647527501c3787fda45fdc,0x0000000000000000,0x1dcc4de8dec75d7aab85b567b6ccd41ad312451b948a7413f0a142fd40d49347,0x00000000000000000000000000000000000000000000000000000000000000000000000000000000000000000000000000000000000000000000000000000000000000000000000000000000000000000000000000000000000000000000000000000000000000000000000000000000000000000000000000000000000000000000000000000000000000000000000000000000000000000000000000000000000000000000000000000000000000000000000000000000000000000000000000000000000000000000000000000000000000000000000000000000000000000000000000000000000000000000000000000000000000000000000000000000,0xb5564930e109227294032daa2c1610bb892a9d3bd5d381eae3e77a94a0df4b98,0xbd1c3ade53e09bafeb45fb9c3c29e55f403a4467fe882c98ec5ba69fe754d3d6,0x2e3169a6f7809c50286db2aed0aa13b40bc7e8f1ddddf4b0af11f819f66a8a72,0x0000000000000000000000000000000000000000,2,1106295,112613,0xd883010d05846765746888676f312e32312e30856c696e757800000000000000f27b1c0818644be0b5728aad7d1d0a20a59cd25a9c0a29900d52b7d2251a75586900b19292a4a826c79530475a79cb8d0cd1e3624b2f0f06a4e3ed63cfd02a2c01,30000000,21000000,1701155073,1000,54,,
553148,0x6d60fb75233e0190fcdb6498ef63848a8d5998b860eab4416827e4dc6c9f8d43,0xd42861c1d858e3a8c7ee38a4cbfe2037cd90fd19d7d6a3b7fd10bbf24a5a1fda,0x0000000000000000,0x1dcc4de8dec75d7aab85b567b6ccd41ad312451b948a7413f0a142fd40d49347,0x00000000000000000000000000000000000000000000000000000000000000000000000000000000000000000000000000000000000000000000000000000000000000000000000000000000000000000000000000000000000000000000000000000000000000000000000000000000000000000000000000000000000000000000000000000000000000000000000000000000000000000000000000000000000000000000000000000000000000000000000000000000000000000000000000000000000000000000000000000000000000000000000000000000000000000000000000000000000000000000000000000000000000000000000000000000,0x4f4874fc486e6d635c0f3eac9ff8d7b3aa9698cfb5a4775fb560125e46869f98,0xd6490733e2a0dc9ccc4c31f21e0ce13e41f1613c7bc228f717e4597db7e48807,0x2e3169a6f7809c50286db2aed0aa13b40bc7e8f1ddddf4b0af11f819f66a8a72,0x0000000000000000000000000000000000000000,2,1106297,112603,0xd883010d05846765746888676f312e32312e30856c696e75780000000000000091152c0b4c8bb839127836158312ae1d4fcc02a4c3d925dbd5b5301d1b1163ab06c1fb7a8ba8beaa172d0bbe1973338f7f4b0a2535be8469b63481b3ad16dc6701,30000000,21000000,1701155088,1000,56,,
553149,0x8fbc5a07b4806ba2400216aa60ce80895f8409908da24b09e8b8fb791954922d,0x6d60fb75233e0190fcdb6498ef63848a8d5998b860eab4416827e4dc6c9f8d43,0x0000000000000000,0x1dcc4de8dec75d7aab85b567b6ccd41ad312451b948a7413f0a142fd40d49347,0x00000000000000000000000000000000000000000000000000000000000000000000000000000000000000000000000000000000000000000000000000000000000000000000000000000000000000000000000000000000000000000000000000000000000000000000000000000000000000000000000000000000000000000000000000000000000000000000000000000000000000000000000000000000000000000000000000000000000000000000000000000000000000000000000000000000000000000000000000000000000000000000000000000000000000000000000000000000000000000000000000000000000000000000000000000000,0x13226728213ab902de2f89d0f4003e614ba9b72dce591ba9ab292fee952b2a24,0xb046fb62cd09c2e3885de2b9f40bee950a10a9ee65037994f3364af1be0b72bf,0x2e3169a6f7809c50286db2aed0aa13b40bc7e8f1ddddf4b0af11f819f66a8a72,0x0000000000000000000000000000000000000000,2,1106299,112604,0xd883010d05846765746888676f312e32312e30856c696e7578000000000000001376d71799e0148434baf79fc5d8992634c64b49b822b1289f131184ef2babdc1978af161651c85dfa035a3d03195c55d43c0cd7a8338b5a6319ad22a85e997601,30000000,21000000,1701155103,1000,58,,
